created_tx_hash,created_vout,created_time,address,value_sats
4a5e1e4baab89f3a32518a88c31bc87f618f76673e2cc77ab2127b7afdeda33b,0,2009-01-03 18:15:05.000000 UTC,1A1zP1eP5QGefi2DMPTfTL5SLmv7DivfNa,5000000000
0e3e2357e806b6cdb1f70b54c3a3a17b6714ee1f0e68bebb44a74b1efd512098,0,2009-01-09 02:54:25.000000 UTC,12c6DSiU4Rq3P4ZxziKxzrL5LmMBrzjrJX,5000000000
9b0fc92260312ce44e74ef369f5c66bbb85848f2eddd5a7a1cde251e54ccfdd5,0,2009-01-09 02:55:44.000000 UTC,1HLoD9E4SDFFPDiYfNYnkBLQ85Y51J3Zb1,5000000000
999e1c837c76a1b7fbb7e57baf87b309960f5ffefbf2a9b95dd890602272f644,0,2009-01-09 03:02:53.000000 UTC,1FvzCLoTPGANNjWoUo6jUGuAG3wg1w4YjR,5000000000
df2b060fa2e5e9c8ed5eaf6a45c13753ec8c63282b2688322eba40cd98ea067a,0,2009-01-09 03:16:28.000000 UTC,15ubicBBWFnvoZLT7GiU2qxjRaKJPdkDMG,5000000000
63522845d294ee9b0188ae5cac91bf389a0c3723f084ca1025e7d9cdfe481ce1,0,2009-01-09 03:23:48.000000 UTC,1JfbZRwdDHKZmuiZgYArJZhcuuzuw2HuMu,5000000000
20251a76e64e920e58291a30d4b212939aae976baca40e70818ceaa596fb9d37,0,2009-01-09 03:29:49.000000 UTC,1GkQmKAmHtNfnD3LHhTkewJxKHVSta4m2a,5000000000
8aa673bc752f2851fd645d6a0a92917e967083007d9c1684f9423b100540673f,0,2009-01-09 03:39:29.000000 UTC,16LoW7y83wtawMg5XmT4M3Q7EdjjUmenjM,5000000000
a6f7f1c0dad0f2eb6b13c4f33de664b1b0e9f22efad5994a6d5b6086d85e85e3,0,2009-01-09 03:45:43.000000 UTC,1J6PYEzr4CUoGbnXrELyHszoTSz3wCsCaj,5000000000
d3ad39fa52a89997ac7381c95eeffeaf40b66af7a57e9eba144be0a175a12b11,0,2009-01-09 04:05:52.000000 UTC,15yN7NPEpu82sHhB6TzCW5z5aXoamiKeGy,5000000000
f8325d8f7fa5d658ea143629288d0530d2710dc9193ddc067439de803c37066e,0,2009-01-09 04:12:40.000000 UTC,1dyoBoF5vDmPCxwSsUZbbYhA5qjAfBTx9,5000000000
3b96bb7e197ef276b85131afd4a09c059cc368133a26ca04ebffb0ab4f75c8b8,0,2009-01-09 04:21:28.000000 UTC,1PYELM7jXHy5HhatbXGXfRpGrgMMxmpobu,5000000000
9962d5c704ec27243364cbe9d384808feeac1c15c35ac790dffd1e929829b271,0,2009-01-09 04:23:40.000000 UTC,17abzUBJr7cnqfnxnmznn8W38s9f9EoXiq,5000000000
e1afd89295b68bc5247fe0ca2885dd4b8818d7ce430faa615067d7bab8640156,0,2009-01-09 04:33:09.000000 UTC,1DMGtVnRrgZaji7C9noZS3a1QtoaAN2uRG,5000000000
50748b7a193a0b23f1e9494b51131d2f954cc6cf4792bacc69d207d16002080d,0,2009-01-10 04:45:46.000000 UTC,1CYG7y3fukVLdobqgUtbknwWKUZ5p1HVmV,5000000000
e79fc1dad370e628614702f048edc8e98829cf8ea8f6615db19f992b1be92e44,0,2009-01-10 04:45:58.000000 UTC,16kktFTqsruEfPPphW4YgjktRF28iT8Dby,5000000000
a3e0b7558e67f5cadd4a3166912cbf6f930044124358ef3a9afd885ac391625d,0,2009-01-10 05:03:11.000000 UTC,1LPBetDzQ3cYwqQepg4teFwR7FnR1TkMCM,5000000000
f925f26deb2dc4696be8782ab7ad9493d04721b28ee69a09d7dfca51b863ca23,0,2009-01-10 05:12:14.000000 UTC,1DJkjSqW9cX9XWdU71WX3Aw6s6Mk4C3TtN,5000000000
9b9e461221e5284f3bfe5656efdc8c7cc633b2f1beef54a86316bf2ae3a3e230,0,2009-01-10 05:22:54.000000 UTC,1P9VmZogiic8d5ZUVZofrdtzXgtpbG9fop,5000000000
ee1afca2d1130676503a6db5d6a77075b2bf71382cfdf99231f89717b5257b5b,0,2009-01-10 05:39:55.000000 UTC,15ubjFzmWVvj3TqcpJ1bSsb8joJ6gF6dZa,5000000000
e0175970efb4417950921bfcba2a3a1e88c007c21232ff706009cc70b89210b4,0,2009-01-10 05:49:13.000000 UTC,1Fi7o3BKMcT82NVtnMRNqsj8aE5CWbAo4z,5000000000
9e2eaf1d7e5178a2d116f331c340f1f7fd6de7540783ac36a7054fe9a4d64943,0,2009-01-10 06:04:27.000000 UTC,1DmKBaveG8iQA7nTGpRQ1bf8cJ7zqSMCjJ,5000000000
e1cf3476234d8446653ad52a8939ed792003eefdcd0e897319ab9d2cb4c14c8c,0,2009-01-10 06:06:51.000000 UTC,1AqC4PhwYf7QAyGBhThcyQCKHJyyyLyAwc,5000000000
43c39b8b3728c6cb26fae0fc18803ca6cf43e15fde218e3dfbd54e633cf6753e,0,2009-01-10 06:17:57.000000 UTC,1JXLFv719ec3bzTXaSq7vqRFS634LErtJu,5000000000
9b0f52332d7d013b49016416c4818b5abb80b01ca526b7b813830348ad2321be,0,2009-01-10 06:24:06.000000 UTC,15VF3MsCzjHmFQ3wK3SMrTEBTmFY8zhJnU,5000000000
67c1e8143bb6ad221a4ce77d6c8be68f2e25e0743f51b2db1a7b22bab59014dc,0,2009-01-10 06:54:10.000000 UTC,1KDnp5D9sEUNGFY2z4JiKhwfbm7zqYp4Bz,5000000000
230cf03a6ce420eaa42e3c64feebb47920f3470efb4323b4574b4b6e5a004f65,0,2009-01-10 06:56:13.000000 UTC,1G43MvhzCqRz1ctsQUmgU4LgLuSVdfU557,5000000000
f399cb6c5bed7bb36d44f361c29dd5ecf12deba163470d8835b7ba0c4ed8aebd,0,2009-01-10 15:30:57.000000 UTC,18a3JX7ZZvu5CdaqY33RxzXB3ytEjspsGq,5000000000
c361e2f4581f035dd58b99788347884e046e47b4c17ec347344ff8b24cd377ec,0,2009-01-10 15:31:43.000000 UTC,1GnYgH4V4kHdYEdHwAczRHXwqxdY7xars1,5000000000
f5e26c8b82401c585235c572ba8265f16f7d9304ed8e31c198eab571754f5331,0,2009-01-10 15:42:02.000000 UTC,17x23dNjXJLzGMev6R63uyRhMWP1VHawKc,5000000000
86b33edba8ff663b0f73ef487e4433f34d26ef91de15659d2cc09594d27b52cb,0,2009-01-10 15:52:16.000000 UTC,1PHB5i7JMEZCKvcjYSQXPbi5oSK8DoJucS,5000000000
2b9905f06583c01454f10f720b5709e3b667c9dd3d9efc423c97b7e70afdc0c9,0,2009-01-10 15:59:31.000000 UTC,1Bw7RG9a19SjCNszmXQZhBwe1gEj4Vb2JZ,5000000000
bdeaa0089cd84670da5e6385f0185c2d7978bf57a1aa5540d3ff3b3eabaa1210,0,2009-01-10 16:12:19.000000 UTC,1MKRkcXG7cUb83EGNjK5TSHcKgVjVMTou5,5000000000
223b0620a8f1c1f23a2ebf8032ed11321b921017d01974e74cddd651319b5474,0,2009-01-10 16:18:58.000000 UTC,1BTsxjF9rXtFvUZ2UFditbeUpohGgKCxUt,5000000000
852b1997ed935ba638078998e2d15bc8a91b8ad232e2d988e22c969eba3bafe0,0,2009-01-10 16:32:33.000000 UTC,16bo8EmUnLJAmtDNavgcs1BQ5rU4YcR9UC,5000000000
d05d256fbd5845b30039e37d48215788a4e438249048c47ddb9c83cd927d4d5a,0,2009-01-10 16:43:09.000000 UTC,1NHHWnZKTetjZZfAbVjTS9EHQafdH6xn8a,5000000000
6d344eb5d67ed329a1c1d7603bba4b85d5916435b49f7a585bb370b76820287d,0,2009-01-10 16:59:22.000000 UTC,1DpJP16GXSht3hJ5DZDumKcwAFqQQVkffN,5000000000
e690daeb9f73d29d8a22cb4b5ec29970e9b32283d4376adeaad8691ccb449a68,0,2009-01-10 17:11:28.000000 UTC,1DpSDwF12wX5ogkS2HXabT7iWtCkAqJD9k,5000000000
1484c18ba443b13851098597d8cb6d49d5983eab63c53d6b0dcc565612e7ca6b,0,2009-01-10 17:11:51.000000 UTC,1KzvBTUbdwNBXiTkzr1msFUtPf7Vu2zLiu,5000000000
04391286b3aefbb5df4cdb515ac7fce7942525fa602e1d7757e90a4fd41a1e20,0,2009-01-10 17:23:28.000000 UTC,1AQ2m6GH78oLgZYCdueUb4Zjxg1L6BkHZM,5000000000
9efa6cb3b8cca3c9387144f397f80e7b4bc2dd86026fdd308625a2e100a08d5a,0,2009-01-10 17:35:03.000000 UTC,1DEwdHYmo8q6AhSHG7UgxEjttNMFdw9e7u,5000000000
27c4d937dca276fb2b61e579902e8a876fd5b5abc17590410ced02d5a9f8e483,0,2009-01-10 17:39:13.000000 UTC,1DnzNm7QC479kSydvzmgb16X2c5GwRVzs1,5000000000
2f5c03ce19e9a855ac93087a1b68fe6592bcf4bd7cbb9c1ef264d886a785894e,0,2009-01-10 17:44:37.000000 UTC,1Bhq4Uz1Cg8vZLWy5uT3X3Ea3XDSNvkvCM,5000000000
439aee1e1aa6923ad61c1990459f88de1faa3e18b4ee125f99b94b82e1e0af5f,0,2009-01-10 17:59:21.000000 UTC,1HjE5zRg4eYm7jCHB9oSH5WbyZdH1GE2Ns,5000000000
f69778085f1e78a1ea1cfcfe3b61ffb5c99870f5ae382e41ec43cf165d66a6d9,0,2009-01-10 18:11:08.000000 UTC,1D2zWLwXkdgFw5VtcYVtBhZuq5j4qwiRQP,5000000000
ddd4d06365155ab4caaaee552fb3d8643207bd06efe14f920698a6dd4eb22ffa,0,2009-01-10 18:23:13.000000 UTC,1BEKzoSq5kTRNhL9ezh8KJ5vt2NzigQV2K,5000000000
d17b9c9c609309049dfb9005edd7011f02d7875ca7dab6effddf4648bb70eff6,0,2009-01-10 18:41:28.000000 UTC,136g5f3pBidF6q8udL5GGb66CzG7AzBNwv,5000000000
32edede0b7d0c37340a665de057f418df634452f6bb80dcb8a5ff0aeddf1158a,0,2009-01-10 18:45:40.000000 UTC,1FaUNstQc4FUena9XodmbfHgoMD9yKpT4d,5000000000
194c9715279d8626bc66f2b6552f2ae67b3df3a00b88553245b12bffffad5b59,0,2009-01-10 18:56:42.000000 UTC,18K6LJ9wFKSkYDA3dspswRPWiPgNZKvN7d,5000000000
540a7e54fd64478554519f1b2d643ecc888c5030631487f9cfc530b71d281309,0,2009-01-10 19:11:38.000000 UTC,17iyRRXBHJKbv5DKPPkttWewm3CHdNPGQd,5000000000
a09c89d2a31440658a42ec97aeee0d36b01529e45b315922e2aa2955334d1821,0,2009-01-10 19:25:03.000000 UTC,192kkZSRQHrS4dnBoPGgoYB6WeC1HXyYZe,5000000000
b3f978e6ee5e91662af30a634b3f3268c6f5d34aac1eb54e6cc9535026f5084f,0,2009-01-10 19:39:23.000000 UTC,17xQEk6df1Zyzvzs3oLPU9k5BZ85uGxC19,5000000000
3c6f58905f06a9fe9b4313a88827c43dbfb0156fcc3b17bb311d51e8be6746f5,0,2009-01-10 19:53:10.000000 UTC,1h2Znru8Y624tuVnu1UgUujNACTzaFABz,5000000000
d3dc9be5d58809579e56cdd64e78257ecd24e2726cf26ef0a698f4e5c07670b5,0,2009-01-10 19:56:26.000000 UTC,1Kc4RPywLu8bK7JvTQJY1MWHo1S4jqQfzM,5000000000
19521c62482ac299b37c8ae4eab67abd150e3c21dc66b7e2b0919444769ee2ed,0,2009-01-10 20:15:09.000000 UTC,18p2otBZ33Ytgk3afUrHsmiPrFLNPiM4G5,5000000000
fe9ccc6c8b44c67ab170135d4148d6424e748f7549547d8174d59b5127df0102,0,2009-01-10 20:20:48.000000 UTC,1281ZBYNe7qJGMsGgHL2YgUEEFwCdXQwBq,5000000000
bc0f0f8b3235421a036122299db7046a00c3a7cd1d650de3d92969780b873728,0,2009-01-10 20:34:36.000000 UTC,19knNYsDH25AsBGhhoaxnmUKrn9WkVMSUi,5000000000
9635054e3de101ea39dcfa5f4cec63ceb1205db6e0a99304c8db2b3a162137e4,0,2009-01-10 20:49:24.000000 UTC,14UyXKWBcVHYcqSpxYcmR9JLZu6pArwDrd,5000000000
3c0db11484606a63b04ef4b8adcd665655939d3932ab1ebe90d1dfc5f077ca95,0,2009-01-10 20:55:28.000000 UTC,1FERXfs9RYGhhLe2yBsSqYfSqtmUEBUSTc,5000000000
82a1e1731a9b22fdea55c09f2fac191a89efee127956fcfef65caab70f54002d,0,2009-01-10 21:12:39.000000 UTC,16kf2cAY8V7iZjX21Pm8znMJxqa2TYcqQ5,5000000000
ae6eedf8e47ac6dda10ca9f3334bd3031795c55a124948003acd944ebd31fee1,0,2009-01-10 21:20:45.000000 UTC,1AiE8NiskCXRovzHdVzAjydQ9V8Dv7Hiy8,5000000000
701ce76c033e0b03fa79503770a5874840373e30cd9c1eca472ec66617f3a3ee,0,2009-01-10 21:33:44.000000 UTC,12GBk2eiu3AEVvNYTwWYnUz49ecRjJ1CR6,5000000000
0731f33cf07a2e5f749a2910c437a015968e1fc2ed79c95634829167db280c4f,0,2009-01-10 21:44:40.000000 UTC,16jZuw5nwn3ZgzWYrRvhi8NZW2b1NRk6S7,5000000000
ebdb8335d5b148e9cc1b1bb795ee619a649bd1638e5514fdfc3004b1c56fd6a4,0,2009-01-10 21:48:27.000000 UTC,197x9cjGHGq9ah4AAwduRbu48J9PLiwcFD,5000000000
f15c7c51118c1dc93129a9f4999c7768ef2ff8cda3230f56d32576518c5f9349,0,2009-01-10 21:55:03.000000 UTC,1UZhhzWo85osGzNrs1BVjoE3FP8ea2umX,5000000000
f01d7897ca02ed20dfb5544b3c1228e225fd97b72510d40af6c9d8e489033a74,0,2009-01-10 22:03:40.000000 UTC,1PeWcJrkpHMnUs3t5GvuwcHh1oBHYNoDwG,5000000000
b17fc28c1dc15ca4b05bf4784419c145b14e79ece54c793656997984c4e46715,0,2009-01-10 22:21:12.000000 UTC,17uWtnxcJdpH7pEXXmr1SLrohVxe18B3fD,5000000000
bdc5121446fd203abbf0e4d13fe99594dc3dc4c1cb95504feb459e8982d923be,0,2009-01-10 22:30:18.000000 UTC,1GPrHBrbFjzGVTwA4P4y5QnaDhd3GCYU5x,5000000000
807822a80b4ed7b7dfbe560a79705c62a71e48be9dbcce152ab70f94b1eb4307,0,2009-01-10 22:36:19.000000 UTC,1JgpRwCt8rm29g3y4FkVKWWck8qEeKgfZv,5000000000
aa5f3068b53941915d82be382f2b35711305ec7d454a34ca69f8897510db7ab8,0,2009-01-10 22:47:26.000000 UTC,1NnYa2jL24hLgXBbk3TAXHANUQEzXNnSHg,5000000000
fd83acf6e35be34a654ae53fbdc43ae4a7c4e1bcc334064a6360bf6b32339fcb,0,2009-01-10 23:00:59.000000 UTC,19CAnt15TpQrJ9gjmdZZsLcwRj8E1mkqPP,5000000000
dea3224cc1333edf41b3b97913d8b2a6402bddf6132f2137e003b535369f9ae1,0,2009-01-10 23:13:14.000000 UTC,1K2UaAY9jfz7wUxadbD3ivBLGqrcF4ai8M,5000000000
41b48c64cba68c21e0b7b37f589408823f112bb7cbccef4aece29df25347ffb4,0,2009-01-10 23:31:28.000000 UTC,1Ky8dP7oR1cBeg1MzkrgHAeHAHyn92DCar,5000000000
d472546c5171ea73bc9000f2994f069631c7706f5e922e2fe5f8e50e0402bed6,0,2009-01-10 23:46:29.000000 UTC,1FnbdYntfohuZ1EhZ7f9oiT2R5sDsZBohL,5000000000
382501ac2d50c5944465c2c316dbe2c70f23dd0de73ea86d339ea5f2bca7b648,0,2009-01-10 23:57:02.000000 UTC,14U5EYTN54agAngQu92D9gESvHYfKw8EqA,5000000000
47c981c4193d62d9d33b59fe1a6de9c27ff78d9f9003325b61e686a720673626,0,2009-01-11 00:09:14.000000 UTC,19X7soRFwUCRX8aUc3NrRZddHgpLmFmpzc,5000000000
b5015619429af022efa69e0401891a92533b1852f214b68504c2e435a8cb7d0e,0,2009-01-11 00:19:44.000000 UTC,1H2nuVj2EnEVoYSw3opGjVxJdDqnehiYWN,5000000000
fb9967077804b9a4b7f5c80f7d8c567639cc14b17955da27c10b9947ddbd1825,0,2009-01-11 03:46:47.000000 UTC,12ti6ZDtjJTFnfSXJD1yZeojFdc1u4nJcS,5000000000
5ed287fa7b07229b53b15c6ad95ab49c1c222aa0fcfa2dd6603fa8492fae54c6,0,2009-01-11 03:54:37.000000 UTC,1BwWdLV5wbnZvSYfNA8zaEMqEDDjvA99wX,5000000000
5c4c653395879f5992949b3e28bb0be7b27d49e9e11d64899c5de30928d4ad99,0,2009-01-11 04:00:56.000000 UTC,1KmbQCNdfCDkEB6yWw5iLjBTGJ5MYptqAL,5000000000
81fb4b1430e5c2cdee38be1a147c45fe23b38bbad0375ff67dc64450844445be,0,2009-01-11 04:18:11.000000 UTC,1NHVxANujgiDvPxNLQ1cc5B8AEisnx2Yz6,5000000000
561eebc615218a12a9588ac78dde63aa56f3b1b43eb17174d2f093d1e2d1ca73,0,2009-01-11 04:36:23.000000 UTC,1DmJE9Z1Teye3JmxhoDUcmnMmubCg8dNtF,5000000000
9a3d8485cde248ab7dcea68c5a8539498ecb8ad337f2574fc2143d2f644b2e1d,0,2009-01-11 04:51:37.000000 UTC,1HWP2q1RjpRbjm2K5ZPFnnfbnpNjN7XJWj,5000000000
c39bde3039372f835ca96f15d5f38df585fac24a316d28cb5febae7c4af15cb4,0,2009-01-11 05:08:03.000000 UTC,135uQWV3vn5JNgQrWcLd6gWr9S2ybj2BB7,5000000000
12272d79ff1fbc1238d78d7d6e0e75c5f0e7aae7925e4f59b96b02fc2cd82bfc,0,2009-01-11 05:16:26.000000 UTC,15eCuQ4Kd25VDhtv9Pko6DL3tt1ACa3tR8,5000000000
edb7b78f88263e5c47717ee0761131683e85cc31beeac9a98554917c30686440,0,2009-01-11 05:31:28.000000 UTC,12jiJuWynwFcqbNyoay5Sy9pmJn9dsFRgh,5000000000
797556eb999f8fdfd8198dd9ea80723409a359ddcd75c4a54a511970745812f0,0,2009-01-11 05:40:08.000000 UTC,133xmQyVGHnyQwr2pYNiHUMeDUS3mYVsB7,5000000000
2306da842919574ed10ee9c211508b2bae2e8729b2fa5e83b4173831b89d2c28,0,2009-01-11 05:53:29.000000 UTC,1KSHc1tmsUhS9f1TD6RHR8Kmwg9Zv8WhCt,5000000000
9f94cc5c9211258c39f048f4da42dd3048e4d1434c2eff2d28dbf3b3612775c6,0,2009-01-11 05:59:10.000000 UTC,1KMYVBvfMAUZH4gpRknxvKxbqATMAfuu4x,5000000000
c184c93d7494f4096e9e9cb420f7d74c79c4ffd2806d68ff03bb7633bbf21d67,0,2009-01-11 06:10:29.000000 UTC,1BnhHuk62o9tPuG5JerexTX3MhnR8sobLm,5000000000
81b896b98663fb6238c9643545eba3a1b32933f96e1a33d122efed5ab7165f2d,0,2009-01-11 06:16:01.000000 UTC,1DRzyGtGkXYnFz9n9qxnTFbGpYBv4FNmYM,5000000000
71cbe112176d6dc40490dde588798bd75de80133438016a0c05754d74ee1925a,0,2009-01-11 06:23:57.000000 UTC,1LNV5xnjneJwXc6jN8X2co586gjiSz6asS,5000000000
3226a75aaf23565ab1f4b4d3cf7f945e188b1ef35d14bba50bd3ee05df985490,0,2009-01-11 06:33:01.000000 UTC,1PHG1AoZJ5yyg6MV2fkqYCuDDik2NTfzfm,5000000000
8f2cd8d8c2b4ac9162cd8fb11856982ca1bb33898d19f6b50d8361b1318b7dc0,0,2009-01-11 06:43:24.000000 UTC,18GyZ216oMhpCbZ7JkKZyT8x68v2a8HuNA,5000000000
5f716bfbb5be57a4f2283509938898cffe7971af12adb152a058ac02405c85d8,0,2009-01-11 06:59:45.000000 UTC,12XPHPCGYz1WgRhquiAfVeAyjZ7Gbdpih3,5000000000
cc4d0dd009ccf08805d9dca9232a47c60681375312a520f3609045649c2a1690,0,2009-01-11 07:14:28.000000 UTC,1Bq1TLyuvZLvu73eueduUMhBL2QfYDeoNt,5000000000
d0d31488af1205e17630a459d0e2874d18e3102bee42b4dd3806dd9169638b66,0,2009-01-11 07:32:13.000000 UTC,1yNErqkG6GFaQTkRjrp38nqpVFn7QJnhV,5000000000
33a4592d4d8dc04304361ad7bcd96fe23fa801db6d7d917074f75c732079a569,0,2009-01-11 07:49:06.000000 UTC,16cAVR3SQbNzu8KZtGdo8cG1iueWpcngxz,5000000000
2d05f0c9c3e1c226e63b5fac240137687544cf631cd616fd34fd188fc9020866,0,2009-01-11 08:00:25.000000 UTC,13A1W4jLPP75pzvn2qJ5KyyqG3qPSpb9jM,5000000000
cfe6b74cab677b52d850ac659d54266a3a4d7bb48270234d2fec836881d0a5f7,0,2009-01-11 08:15:41.000000 UTC,13CiNuEMKASJBvGdupqaoRs2MqDNhAqmce,5000000000
3b44b5ce02d36db604f0d6b7cc761685484c370a235c54539700b1ad23afefce,0,2009-01-11 08:31:10.000000 UTC,1HFtrEq1YGKxFKdq5nKyd7xm6NrAKcT7zf,5000000000
88d2a4e04a96b45e3ba04637098a92fd0786daf3fc8ff88314f8e739a9918bf3,0,2009-01-11 08:44:27.000000 UTC,1B4HeenWZfzcyHSpHeZGQZtSVUi18wmd2B,5000000000
240074c357b073a794d4dddb19cfb656f2899a89cc2988ab78668efe46d6b74b,0,2009-01-11 08:53:29.000000 UTC,1MBvf6WPKwekXLRxsjjudqUXWJDYUy4qzB,5000000000
5bc9bd461b455db119181c060085bd656430d9d431bbe4539eb0e367e9c77ac8,0,2009-01-11 09:02:47.000000 UTC,1Bjrramo5EisLKeUXjw9GcUcfXcVnpi6vK,5000000000
18883aec5f3e6cec38520df46530f0c6b1ab35973c386922e1c4580fbb9dee80,0,2009-01-11 09:19:25.000000 UTC,1T2TbagADcZFN433zk1HjYuTiXTPs62Yd,5000000000
97e5c5228b572e1be5e91e0cf04784757a293a5efe2788df42868d5cc12a2382,0,2009-01-11 09:31:25.000000 UTC,13t2rxB1FiZ8rSR3jVVNAmJN7hxFCq6pjp,5000000000
202b784e7fcbb28b28906a80d0b65a97cea04db8e34d26596efa55f8806a9402,0,2009-01-11 09:47:02.000000 UTC,1PN2MiaGhnR65x41pbUWbsfCB62hqG8KSG,5000000000
a3007f3f43250476e47d2326dff86155f219294467da4e9e66a168abfab4b230,0,2009-01-11 09:56:14.000000 UTC,1Cef65T8Cqi47KJvc4vYkxuZ9ymBxQfhQf,5000000000
abde5e83fc1973fd042c56c8cb41b6c739f3e50678d1fa2f99f0a409e4aa80c7,0,2009-01-11 10:12:19.000000 UTC,1CbjjM7LDBvmtdvyyZbbb8hp3B8gwUEaio,5000000000
e7a3e246c6f2d582b089d7d6c2f925e8aae46ef0c0ce97d3dd3afe3016a44e97,0,2009-01-11 10:27:53.000000 UTC,1HCeeU957J4NTXDer2fGvDsb7mVjU9TtLb,5000000000
3438117001eedca26a917571b11e684ab3a4b1ca172fdc0ccaa3cc439b211ead,0,2009-01-11 10:35:37.000000 UTC,1JNWvsrDf8mdH82Y7xp8yACDfm6TpVwZeM,5000000000
2190266c257e569eb34062471fd3d2327252ab5bdc6427dbc4531e2c8ac4e5e1,0,2009-01-11 10:49:35.000000 UTC,19K4cNVYVyNiwZ5xkzjW9ZtMb8XvBS2LkT,5000000000
ca7b0295546806c9b6631f8bc89ed0b55434ee5f8ce6198a918af18c6da9237c,0,2009-01-11 11:00:19.000000 UTC,1NG4uecvtRyRx9eWxUaw6PVLPKMfDE7nz4,5000000000
3ed59485d7b1e1ded9c35a5a098611f5ddd7c1581923de11165b759b5fc8e0a4,0,2009-01-11 11:06:03.000000 UTC,14w8FgPQhPRuP4wnVpER9p9Cb7kYQWkzwY,5000000000
5c8605699ca5c4ab9a4ff4054d04c253331f20e8f338a7482cde878f5b63bea9,0,2009-01-11 11:15:48.000000 UTC,1MF2sw6Zan5p4ViuGdxRoNr48M5rFvHkqn,5000000000
bbbf6ee73ce663f04f74b2847f39f1ac6ecff085f6bad7b6a20bfd15f06143fb,0,2009-01-11 11:25:47.000000 UTC,18NmcVxBKf5tZXuV5KijPTgbdguGohnBCV,5000000000
4451cf99a232a9f43f7726989789a4fa62e4ab14af507cbe864bf9bac64281c2,0,2009-01-11 11:31:24.000000 UTC,1N24Lobvo9BN4iGrm4SRhCUwpwd273dSfq,5000000000
3797c09006aaad367f7342e215820e499bfbb809f042c690fb7a71b8537c0868,0,2009-01-11 11:49:17.000000 UTC,1AUR9CVmm5wH8xc2EufyDpuA8HEZcSamhY,5000000000
41d65efc188d9394e47987b39891254cdb35cdfbbcc5876193685994e8a6e6f5,0,2009-01-11 12:07:03.000000 UTC,1FeGetWU2tR2QSrxnpRwHGXGcxzhN6zQza,5000000000
38d907cc08db97a47c2a6e789daeaf6343fa107c5e03297a8bb709373ac17eff,0,2009-01-11 12:18:01.000000 UTC,1B7CyZF8e6TYzhNBSHy8yYuTRJNpMtNChg,5000000000
d637b6d9c9847fb9fad159f6a60d6d8c93fc546f9fd61c317d61315bea9fdbef,0,2009-01-11 12:27:53.000000 UTC,1nQ5KafzA4DWGa327n8JnZ29q4PKg5Y7m,5000000000
b944ef8c77f9b5f4a4276880f17256988bba4d0125abc54391548061a688ae09,0,2009-01-11 12:43:43.000000 UTC,1CT9huFgxMFveRvzZ7zPPJNoaMm2Fo64VH,5000000000
611b40973fe68cc42b70ae5af365a449af458d76086415c6fa6c45364c36278e,0,2009-01-11 12:51:18.000000 UTC,1M7U7kbW9CY7znW6sSRzycgPCxr5LkJy2r,5000000000
0d4fe37aeb52ff6c01f119fe0cd42ee8f2366d9bf55c50ba8fe52e760dcbc96a,0,2009-01-11 13:07:35.000000 UTC,1JRiK5gbEjTEAdFU2kYoQJRCMZgVCQgbpQ,5000000000
28614aedbf551e1e4c0ba85cfae326a0b17c7fe0812a7e814d8612d9936e19c8,0,2009-01-11 13:18:19.000000 UTC,1PwcmHdjVFfQgXpd6V4BGzRY7yLBvGb4eK,5000000000
0a4820413c11c1b9d28bff885a155da7ed1fcaf784d22f5b46796e2c4e83ace1,0,2009-01-11 13:52:45.000000 UTC,15kHBARv1ZaCrmyExVUn6Uh7wnJVXveF8A,5000000000
5f9aa6e1717102b9a059c223901fa36842c8a9db462d58a0ba71177c9ed9febc,0,2009-01-11 13:54:51.000000 UTC,135S6YvALYCydS6R82hWi967f3xUnWVQ3S,5000000000
9a1f38fa9f25bb77504cfda998c4742b5a22466acb32ebedb247bd284682a5be,0,2009-01-11 14:12:40.000000 UTC,1BF5nbuKF3UTYCQTpxuH62UA8WJWAqQKo5,5000000000
9200bf5bccb0e27e20939be38d83e4b1d337e219e0e254a4d0c57a1a9973ba36,0,2009-01-11 14:28:45.000000 UTC,1PZnnfPq3EpcGZZyiX8WCbEhm9amzpjTYr,5000000000
9a9699147493e8528df46eb9a3216ad1ab64fd733fa3f8f3d55908ad7ec41ff9,0,2009-01-11 14:38:45.000000 UTC,13aK6boaLbWkyLsDBmNZnUGhzh4iL2vQky,5000000000
0f1bb85ed4cdf6bc13491b23afb924bb9ac556fb1db246d09252443a66a2a9e4,0,2009-01-11 14:43:28.000000 UTC,1GPhCZpM72YrpkZVqQECpT6eKprKFEwkSH,5000000000
08648614555595f23ea51c8c018777ac0601e328d7784e41a18408863d98500d,0,2009-01-11 14:54:27.000000 UTC,1PpU2yx6CSruakyYjckH8eUJWAH1XUQ7ZM,5000000000
0531b1aae949e997105507732ed7c76eae5c9ea987d7a4f7c45e7a28c36cab28,0,2009-01-11 15:02:01.000000 UTC,13pS5WuihmpE7WMQAZkFdvfvVo1NDp7R7V,5000000000
f2a9c8b6b9361b21ee2f28672053ba0080b2bbbcb767ad34eb0c4d614d54014a,0,2009-01-11 15:06:16.000000 UTC,1EDV8iD4cDZbKxZu6UGAPW5i2ytQmR5xoQ,5000000000
503b849e628ef733ee0b0d9dc152f96e78a083afaee5c84298c2855e1d80c9f1,0,2009-01-11 15:14:28.000000 UTC,1MMFzwh3r5fxNwpTZvm6iZReX7RUwZxnaY,5000000000
882b98507359823f93cf9830ee90e192c62d4964c16297c6dc3bf525d27a53cb,0,2009-01-11 15:19:15.000000 UTC,1FdgjwkXbQc1gpHjpHyZNY85vdyQyFfBbg,5000000000
d813666ec8d5d1b7ec5fb99e69b4d669470b43c1ee0218ecec0b2238d8f8a7d9,0,2009-01-11 15:28:13.000000 UTC,1HRRURSfxj8NntfzcPT4ajz7uBefLuwLmB,5000000000
65874fda54b304d965905765a590fac1ba46585a38e3e5e48db216476caf011d,0,2009-01-11 15:35:58.000000 UTC,1G6RMmurphMJg6wyobQSzC2az9zZ3VipXE,5000000000
0e9639e3e6161c7c2917aa114fd6695e92c35f1c6acc6ad8489e3e44683727d5,0,2009-01-11 15:59:23.000000 UTC,1ArDoL42A6ZZdudpogut2NUGcwxhRj42S8,5000000000
b0a8291efa1dcd99cf58b5216c4105283b9a482b2f2d821ce00a52ced4908444,0,2009-01-11 16:11:00.000000 UTC,12dRaqF6c7n8rvbhCWsQysKmNKPgDJfepK,5000000000
73a4ce71aab2077ce17239c9f31922571e703a26d2c212daffae2bb15bb898ba,0,2009-01-11 16:23:58.000000 UTC,17B3kpD6d9SSaoKATBgGqDn25dFnSvjcVE,5000000000
9d16f495beba16b70e05682c6e8dacf34e832db1dbc8b05c2c3bdae7effd0642,0,2009-01-11 16:41:44.000000 UTC,1DQCdPGY1MUFwPdJ2bNziT4RfDFusBddyS,5000000000
70b8b6b9f6b4989ad63a19001c311c141dbb6ecdd060c56ae4f05bb507f95836,0,2009-01-11 16:59:04.000000 UTC,1Jd2omwPAZq3egSS8HsxFMxhWmKdonG9Lz,5000000000
3f44efc23687edae461827db9545731ec7232b1d681f1562911a25c0159e3539,0,2009-01-11 17:08:20.000000 UTC,1CwoMxSXitseAKdNgfaHtzaUB7mUhcrmMp,5000000000
429cb6f783a85f46b55ae3066d01dad772c14a53abcab4973182eb24413783a6,0,2009-01-11 17:14:35.000000 UTC,18xph1cecYkJwD81bHSKZ3SrUsPqinU2bA,5000000000
ae44c01fafeb75098a9bb331c5e541ac5a2ad27e08282a10ab189c80c568616f,0,2009-01-11 17:32:00.000000 UTC,1Pqrx3NMF9VmMW6ikLZST3veBkUmY6be15,5000000000
55a6ec0df293a3bf380c094981f44d2a402798dc39dc6a4a0cd29f70bf1bc18a,0,2009-01-11 17:38:48.000000 UTC,15EMUiFD7XoHpzCA4sErNmqCT4krsQzgKx,5000000000
5acba2e13fcd823b5541403a2e3e1b7e96ced0663b957710f370842776bb4f47,0,2009-01-11 17:52:46.000000 UTC,18xzfpkj8cNz8NdmU7eumVjpeDfQSJ1CHR,5000000000
b52919a809a1c16fd13a0e546b73b00d704ca5305aab2b1818a066f3f43c25b9,0,2009-01-11 18:02:24.000000 UTC,1N8SwzBqNQccJQBMsVe5ukvSVhf6vxHVSm,5000000000
a0a9b9690b60d35d1041371e3b1f6932d90d3f917cbfee251466f769dd900cfe,0,2009-01-11 18:13:41.000000 UTC,1DLfzP5v2KegZK88rsNj8z1YKSb4VzBfsu,5000000000
b774fa572cd148e44e2260fd7d026560655ce264c7c32b422b9f20ebb60c7eca,0,2009-01-11 18:25:09.000000 UTC,17KG5gGwKu1DNNaMdrngw3UdZUh4ZhacNT,5000000000
cb35591c2bdce399011c3352d48d4445d989a553193e0bbb8a72dd5b9aae3fca,0,2009-01-11 18:38:01.000000 UTC,1B1urSvRRSFjupa5THHsF8FNxTarDVexYg,5000000000
6e83c14dc03aab90457e0fd9c305809189c42d86ea415ac7887931e5d76534ce,0,2009-01-11 18:53:28.000000 UTC,1QHTV856dWWwzSQN738tvEneYgsagQdYpM,5000000000
e94f87abbfbf2b475b2f8f6eaae2becf481e0e82114040bf4b57d359dc7dfa52,0,2009-01-11 19:00:34.000000 UTC,1AQgsAVd49Tk9kxgsdDRFMwLjyD997p6dJ,5000000000
cbcc6534a64d072365408f30edb21270dd861ab927fdfb7f2574457922bd3edc,0,2009-01-11 19:09:40.000000 UTC,1J9Wdx5F57jgNYSw7vaP3oCMWHnjaD3MEq,5000000000
31c8797c11bcb48f91b794b45fb999c2aab7902ab4e3e55f2ed28838bf2065d4,0,2009-01-11 19:18:58.000000 UTC,1CtABfwubzxuoHacNEZ6FJCBumtTbz71AA,5000000000
a082c05607eadab443076ec8a9c6c6a64149da9ff09ea91b77277d430603e56d,0,2009-01-11 19:32:37.000000 UTC,1H5canZg3AwU44Fe65HG2siti9mFJnkc8,5000000000
4552bd87f70bbcde3a1e5a210e96a40aa4e5efaabbfd37e4b0ae5367e349f916,0,2009-01-11 19:36:58.000000 UTC,1KuX1qeF7qimFiurBDxQUktAgNE3qNA8zx,5000000000
2eb014eb0def199ad346be8c579409938f8571811178e9efbca2ef505d036317,0,2009-01-11 19:51:06.000000 UTC,1ax2fn3tdpH1R3A2yNFtp8Fn7Z7rt9DnY,5000000000
9a1674851f7938ae6b35538b5b85a477dfbccb5c74cc88c475d026a7b6548a79,0,2009-01-11 20:03:17.000000 UTC,1ELLM7xHcUC1Z2BnDpGQ2Eg2ZXZeGSDkbU,5000000000
01015f270c5c272d83f7b41b895ae548c797fb05be65479c8f5d7fce7c8fe6f6,0,2009-01-11 20:07:44.000000 UTC,1HgeuTkMfQ3xh6hPo9ZZKvHom8AAXdfA4X,5000000000
030b9536f8212a2986f45e8eafb294a401f9e5eb1b410dae33309c8ceab70c11,0,2009-01-11 23:01:57.000000 UTC,1Fdby4yp1iUnf8biiVAE14X4XKV6ZKzReR,5000000000
053664b11b14df95e7e183450cb594fe6c3348e3981c183a0e5fb93da0da24fa,0,2009-01-11 23:09:07.000000 UTC,1Lh4fvU1NAEdZTuTqoe4c3cPMv3sgkFWbM,5000000000
c11a2807396b22978f8f82357d3466a949cdaa046713ab004b5d48647c029ebe,0,2009-01-11 23:24:05.000000 UTC,1Eof6XM7AKnBdpTt3c92sVb1LaLqH3cnqC,5000000000
84ace723cb0fcb4f4459cf7c7822a3142c6c1f84fff5dfceab494984c3947a7a,0,2009-01-11 23:25:29.000000 UTC,1BQRxmgPsyWWv6GD64kUDxtNq3K2RGc9KL,5000000000
268a23c98e0b3c662ab55a51e3e3d38f5663924b7ad401bbd59d84f45a3a704c,0,2009-01-11 23:31:51.000000 UTC,1Fr33GRhy7zN8eXkWDf31icUBRUmoicnJz,5000000000
6a8226ad9980693ffbf41a15a1118fb73a9f68cda9c0b9951490bd03cb70d1d8,0,2009-01-11 23:39:41.000000 UTC,1NZz1UN616LfyX87zGRnVifiWRSN5xm9ht,5000000000
d7b9a9da6becbf47494c27e913241e5a2b85c5cceba4b2f0d8305e0a87b92d98,0,2009-01-12 03:22:03.000000 UTC,13ph5zPCBLeZcPph9FBZKeeyDjvU2tvcMY,5000000000
b1fea52486ce0c62bb442b530a3f0132b826c74e473d1f2c220bfa78111c5082,0,2009-01-12 03:30:25.000000 UTC,1PSSGeFHDnKNxiEyFrD1wcEaHr9hrQDDWc,5000000000
d5f2d21453a6f0e67b5c42959c9700853e4c4d46fa7519d1cc58e77369c893f2,0,2009-01-12 03:36:41.000000 UTC,1JhxuRHf7FiJYb8Ymc9czohwm9cJn2WaQW,5000000000
389cf9b9fc51d668dafb9dc6b9a24b8fddec5f035235a58d4a62919b39b078d5,0,2009-01-12 03:44:13.000000 UTC,19d4S14KCEDXi1Xyt9x98feD9SxWPXYYNm,5000000000
60967e291dd8f3e3e817d6aa6e2e86d754e0b99f037f6b3f7079367ee7a30952,0,2009-01-12 03:50:45.000000 UTC,1LNKBdzwXmisa67qtYCofsZWwgZW2wewmn,5000000000
ccb97113d5c2156d938edfaff425e301d1b862c9986714d443ab43070f119581,0,2009-01-12 04:01:01.000000 UTC,1FWcb8Ddw3BXearNaWugikvEfK7gViRde7,5000000000
48fb3d15e828a31aab6ae17b6f5b14333d0701a9358f9d2ea57655c32cb53b90,0,2009-01-12 04:17:56.000000 UTC,1917k1LUodPbbjJenczkVaGyJpSj8CqYTC,5000000000
64c195ad911554d3cbfbed05f78b5aa9379a0f98600305b03469cbb70ce13d5c,0,2009-01-12 04:39:02.000000 UTC,1H5BMx61bxfseTU9jUPZgit5B9D3AVviX5,5000000000
07b4b23fca39e9b263fd214d9274335231c3b025aa3d817860fc214a84365e88,0,2009-01-12 05:02:37.000000 UTC,1PA4XBfKLjACMQUUupBEDzwhSsLRKriAkr,5000000000
672778aca436894888bb63d7a37d2f67c5942caca93942ee2e98143c08f1f46b,0,2009-01-12 05:12:11.000000 UTC,128KyT3PMB3WLcZVu48asfaTwtb6tZE2dm,5000000000
c77891a80c3929fd2db7b5120749dbd35ebdbb10ab92489f98c23953afcfc36b,0,2009-01-12 05:26:45.000000 UTC,1HPgEWbEzFC6FWbcEJtasvZBaW5YTdmfMC,5000000000
bd8cfe1837c88caa4ca37df77380d5b0af9692ed92ddbc247cd2aef388691d4f,0,2009-01-12 05:50:52.000000 UTC,1Pudc88gyFynBVZccRJeYyEV7ZnjfXnfKn,5000000000
8347cee4a1cb5ad1bb0d92e86e6612dbf6cfc7649c9964f210d4069b426e720a,0,2009-01-12 06:02:13.000000 UTC,1JSW4QekxPokWWU4hcRwrheZbZKSkFz9oc,5000000000
a16f3ce4dd5deb92d98ef5cf8afeaf0775ebca408f708b2146c4fb42b41e14be,0,2009-01-12 06:02:13.000000 UTC,1DUDsfc23Dv9sPMEk5RsrtfzCw5ofi5sVW,1000000000
09e5c4a5a089928bbe368cd0f2b09abafb3ebf328cd0d262d06ec35bdda1077f,0,2009-01-12 06:12:16.000000 UTC,1Fr947YZyEWZd2JPcvDJbsYN6Po5gXRyau,5000000000
b2e561eb278f5aba7a2c78d46422f496f4998003635cc65807e230407190a355,0,2009-01-12 06:34:22.000000 UTC,1642o19pahkkdwHuPSx6uxk9HMmC243Bu7,5000000000
7261a156ddd561c8144eed6956ada63bf53fa015ef84f8f2b06d9928caf320bf,0,2009-01-12 06:49:09.000000 UTC,1PNF7mJ2VrgZCMSfUjiWxDteNBHEm15kMg,5000000000
31df41cb92e000cfa5f0403bdbe41e5a693b01821b0ee9b9583afeffaf47dcee,0,2009-01-12 06:59:38.000000 UTC,1H4Urq49poTRfszssMDT12dMnoDxSBEs7e,5000000000
21cb91349d6403cd296d60f94a52a2da4cc47c70fd7fb7f2ee33bd580c7b7c2f,0,2009-01-12 07:01:09.000000 UTC,16RGBFEHfNqjzN6UQ95imqtM91PBcQUMCF,5000000000
70587f1780ccd2ebbace28a7b33d83d19f4362f10ff7a4ad88f8c413883f94b7,0,2009-01-12 07:16:40.000000 UTC,1FDMwEo8qNa9icVcooBUoGvA6NriePtJJ3,5000000000
3a6d490a7cf40819cdd826729d921ad5ab4b8347dfbec81179dd09aba0d25b37,0,2009-01-12 07:22:17.000000 UTC,176n9Cx6LKri6YUxFNBr7aUzb2TbLzJbsM,5000000000
5f6c6965593c19c55ea077d820dc1b49172e92e7179ac02491396c96292b6f5e,0,2009-01-12 07:26:29.000000 UTC,1EPeRrfFgn8Dm7mbfaFHUNUpD5UnKkeSNQ,5000000000
03754cb5d97171f404f7e298cd9a01933ec6581483757d79bebd4c226d962f35,0,2009-01-12 07:31:41.000000 UTC,1MNHWu6JeCrtFyjEPcR6bJSrfQ3kJ3Hyin,5000000000
eb0050c15250c0cae3248d4989c84b45495aeb3d8434627fb8d217deb399adb1,0,2009-01-12 07:32:14.000000 UTC,1QEDtTS36hrcJuv6SvhqoUvVrfMLdkaN7C,5000000000
16293da6d4078f636b691448b57f96d5af32d7ca3fb15a20cc74845b224a44bd,0,2009-01-12 07:59:24.000000 UTC,15HWA4SmQ9zm9iYGyxPK7r1oDugPXeWwDk,5000000000
10470e2c3c443863ea2e84684f7f6021539f518d3246ad97125d348ea1a75964,0,2009-01-12 08:04:15.000000 UTC,1NEAg9cRUBUmTV8FG5ed33nPiXwEKaCxra,5000000000
a7edd1f5436d5867b26cbf0bff7663329198b1d4ab41beb8a3b9b36836dd1429,0,2009-01-12 08:10:44.000000 UTC,12RyzPinkywNAN1L78tpBS14QTFQCBhuLE,5000000000
49203e3de10ef224649f86efe80fc40bbaa30bc2ae069204724f0d33dbc744df,0,2009-01-12 08:33:45.000000 UTC,1Kj7zDjmTcjadztrU1LWT1erGuyToScwex,5000000000
3f3c3521288c32c85172217f6dc0275740425e28d517f4b6638d7b282c409221,0,2009-01-12 08:47:26.000000 UTC,1Dw5XyQk2pFDNLQUsc2Eknq5ikQAwfRqsR,5000000000
7a98238d69b473e82a4ccfa62463064379c0c96fa890a951ccdbb924f5572dcb,0,2009-01-12 09:08:32.000000 UTC,1F22VKzwQWf2LoSziz78Zc5e7owfrHDRCy,5000000000
8453119b70f9a2b31aa32c64b5cade25fea8b67fb3437cb90a2332463f03250c,0,2009-01-12 09:22:41.000000 UTC,1AL11Yfw2ZP9C4wGiWf99jwZyTjWWY4JVn,5000000000
7794b939df62305460eb1b03adbf4a0cc1e1b43a3670e5272b7c71bf6574fa28,0,2009-01-12 09:32:37.000000 UTC,1LKriCmDaBz4SfCoDjcjR1b9CmQTHibCcr,5000000000
2b1f06c2401d3b49a33c3f5ad5864c0bc70044c4068f9174546f3cfc1887d5ba,0,2009-01-12 09:38:40.000000 UTC,1HwmP33SaknLYShXfjVU8KmVThU3JiuVgH,5000000000
864b69193eb78695cc6990d65c37877ede30dbddbe1a5a81a5a0bfb370c6ce1d,0,2009-01-12 09:50:37.000000 UTC,1PAL9ZNuwAcufS8xSnGMCpQqECFF9g9QN1,5000000000
3eb409c61a3314558d8355a9f2e5ab4470cd12cac3d3eb48c1f76282e8fee468,0,2009-01-12 10:09:04.000000 UTC,1P8BjGr7JG8zfDTZBE4Kat2KthsDJ9xg5e,5000000000
1c3b9c8a47f3f6f29a1580df8478cfc692c5a2f6ba3bcbe0f9251f32170fd665,0,2009-01-12 10:31:36.000000 UTC,14fKXAX9CFFGVE2txHtTbLX5owb6x9dYh3,5000000000
4b2eaa4a5da7d929fc652e089d7d1b86948fdf920ef430c03b93172fd4e6a721,0,2009-01-12 10:37:18.000000 UTC,1ExG3uFvQJ12uXotnp78enyMZbfEizWzRn,5000000000
b4789eff05c89c1b396c05f13a4b93e14295d15afda191e108dac8a1a292f126,0,2009-01-12 10:46:11.000000 UTC,1AxA6X2FSY5NSZzWS25RXA7j6uhTGEZ9eD,5000000000
32cbb7e4d08f02fdd78368a7a03ff54c13191d1023aa1e3f157027241d9840ae,0,2009-01-12 10:52:57.000000 UTC,12zBX15JrZjgxLkvr3rVUcVcD6323rZ3bY,5000000000
10213d32652ab07be761d88a33ead6a159fa9bc60456843bbd3ab9583b9dc383,0,2009-01-12 10:58:29.000000 UTC,13QWmek3hEUhhcXL6PkyaQvW8cYuZwGFpM,5000000000
3e0700022ee439f07d77033161449339f46a90e408290af3f65259ad5e724977,0,2009-01-12 11:09:07.000000 UTC,1F7RYd4KM2AesmFx83JYgLKibYrfxcWYaV,5000000000
15ca7e3d03d9866a335400244e71dfc405c551c2854fc8d8edfa82729438357d,0,2009-01-12 11:21:56.000000 UTC,1GpHVwFv8Qnxov68HxZwdfvMDtEaYucGcR,5000000000
4cfff6b0df4bb66e6ff4d4bfeebf25b61425a81ff9b590603955ec6f840756c6,0,2009-01-12 11:25:13.000000 UTC,16hWr6twFK4Rt5tAJmoqDeSVQsxZ1tFuJa,5000000000
17b5dd11f3672e2eae1b5b5bdd7804eb6ca4e780c46745a0c5d2d79ddb9aaa1b,0,2009-01-12 11:35:07.000000 UTC,12vhcB2bfspTua6XLpLcZPP4zpkudmw2re,5000000000
70a7de774e7ce62e55460baab990608f9b9564615846aaaa3c6cd7e93af73f7a,0,2009-01-12 11:46:17.000000 UTC,1EvRbs7Fc6R6V8LsnoD3Ntng9vWfmreeRT,5000000000
f2f1c70f29204fdf71f8f158b5f0e8f56aa6bc9a7978d44a4b481b5622a00c2f,0,2009-01-12 12:10:21.000000 UTC,16DvfwUBRqaZGaMWnzSnX8TPUantMKXhjV,5000000000
e483dbbeff3ed483b5cf783fb858dc517b389578d5d7dd64ae760abcd7a0f7c9,0,2009-01-12 12:17:42.000000 UTC,1Po1b27dVXkmyQdKXk5AvHUzdgEk5MvMvC,5000000000
dc97de0dc82410ad3d32fe6f4f82ecc17ab544893830f6c802f9e31e0050a0f8,0,2009-01-12 12:25:14.000000 UTC,1GB9LgiyE6Upg2qbVGy2phKfgVZB681WhC,5000000000
6057ddaf5005be3a205bacc8faf97e3fd6348d655e5ce98917ee116ce47c9b01,0,2009-01-12 12:49:54.000000 UTC,1NZA1LZDbyeE9qdHWeJnN5DN7ZDJShsssU,5000000000
56a198d8fa14f10e6f7d7df7b14ea3bf90cf20f98bd4bce89a41e423b78f5236,0,2009-01-12 13:13:49.000000 UTC,1CRtj3XYXjtmHNw44QLZ63AGEM6SFa6wob,5000000000
46e421bd0d33659cf4be11abfa1b864c25a0e5671a646ed6e7c81d3a69211700,0,2009-01-12 13:29:26.000000 UTC,1FyiELmwtmD2mrN6hRzw6P76zLg3WJoCwB,5000000000
909d55b144aab663ccbcdbc1440c05e00bc94447b7fbc44a1c148e8ecdaeaf82,0,2009-01-12 13:46:30.000000 UTC,1HL3xqCGJwCcME5wgjz1NJLj5o79zp3W7y,5000000000
d09e93200dd6d2a1343001b0b2755da288f31c291abd42b134d3b3ac24920513,0,2009-01-12 13:57:45.000000 UTC,1MUuVeuS6DDS5QKR2BNZ9fipXCEsFujaMH,5000000000
298ca2045d174f8a158961806ffc4ef96fad02d71a6b84d9fa0491813a776160,0,2009-01-12 14:21:00.000000 UTC,1BDvQZjaAJH4ecZ8aL3fYgTi7rnn3o2thE,100000000
264e7238ddc574d5d6ded85d77bfcb69d99a0de17dfcdef0b7e97d430c4f202d,0,2009-01-12 14:21:00.000000 UTC,1BW3idasrBsovBWDzauf1yTh6QWK9UUEj5,5000000000
2589399db3e7beda1003703a99e366ea227b6b0d84480f0a0c00283abece0ded,0,2009-01-12 14:30:53.000000 UTC,12wm668ySFxjAPGnZHPBR4uWqUmNdXg2kP,5000000000
2038fd408bb42f6c8a0484c82e6ad2d11756cf7d6b47716ed663fa2addeeb1b4,0,2009-01-12 14:40:13.000000 UTC,1G5Gp7b1u5cTN5xjypETNpmCTpbDdoXJMA,5000000000
8a125498268d8ca573fd385cfcf4dbe7ec4f612c1858acf0c26c495419972bbb,0,2009-01-12 14:48:09.000000 UTC,1AUyVCU1zU8YcfH8FHeJHREzSsE7ZHqgVN,5000000000
1b1ae506a3cf0cf2e190e8c88fd45646b8a5f95e69c7cb0cd0b6de4bef5f4dad,0,2009-01-12 15:11:16.000000 UTC,13zrE76hjXh1wwtUFE6WsCbrG7NPWgRBVW,5000000000
9e493f9683043a91ab533f50919339eb8c35756e8c2b82372b53217a73d3826b,0,2009-01-12 15:23:14.000000 UTC,1MBTMZxy2g1shi2Sx37AwGpo6o5if7iq5F,5000000000
b0dfeb4cfd4ece7d367bc6eec66af2a49c9c5aa4e12f90d728da63adbe18540f,0,2009-01-12 15:38:55.000000 UTC,1MVXEbi7xErjRaszVDwycUbeR8dYBVNKnE,5000000000
9941bbca58bc438e2eeafbda59e6ce63428cda348b8e961983e5bc9381a3ba85,0,2009-01-12 15:45:25.000000 UTC,1DcgZPFErBcASaPqsqyB42dUFjCJEro4A2,5000000000
d82145d84af01f21077245f83081d0367e366c359d052a648eec97a51152e952,0,2009-01-12 15:52:57.000000 UTC,1HRGtCwm8vxA3GUobDLDGo7Wya6FXhwuDe,5000000000
aa94ee85a999c699a2972ab9c225ed108ded4253cba3dc05e246ad776ef261ee,0,2009-01-12 16:08:51.000000 UTC,184wTUutRt5geVhpCzhnp8vmKJWjUQGeah,5000000000
6229511483becd964893b5994aa7a2876d7435bc0c70cab7bfdb1c6eb3703d8c,0,2009-01-12 16:23:23.000000 UTC,19PVrVqTjMaAUXxNZKytffiebVM9U1S9Dy,5000000000
bdccc4d6bce7254baff1457931cc20976f91ac8721f8b8f44eeb4fc5c7146ca1,0,2009-01-12 16:34:40.000000 UTC,15WV17J7pbDKdZ6eeGBg5yZ9jb26TaW8GB,5000000000
b06bf2c935e4b9853feffd9be25ac744206667e9c99b233f58098deeef7975bd,0,2009-01-12 16:57:48.000000 UTC,1DecGxfc8DuoLjV75WdNE7BfjVRGE5ACqi,5000000000
0f00a4718228d0e7338695a96dba43dcf371cbe37d315395c8d60e516f5e5235,0,2009-01-12 17:08:14.000000 UTC,12bAezJkUhUxUDVZUypN9HP7obfWm58hSw,5000000000
8cda9b1663ae15d9f8b3da2e3e5335e2ced509f9d36eb36206dc5845eef65d35,0,2009-01-12 17:25:59.000000 UTC,1FhKNo8JmNrPKnqJv5rTFMrw98H7soXTXu,5000000000
516ddeb08d48ddce1682a0a81f8f1b73fcc4483978d2798d00bdd4a525204ef6,0,2009-01-12 17:26:25.000000 UTC,15z1nJqsrAUchqwQ4hsWnyPru2nUjuuDhR,5000000000
4231776c56a97967417881a329f44232d5fdd952d01b597a265a331af859cce5,0,2009-01-12 17:40:35.000000 UTC,1ALp4qPqGju9gmupfdRwAEyREN38Uqipyv,5000000000
ec520e569d7630f859ee8eb716ffdd4c910d6b64db1579c38620ff1a69b52198,0,2009-01-12 17:57:32.000000 UTC,1Dk9PekCU6BkLy5pRHfWvSw791BiVdKBXj,5000000000
435264846bafdb75b931b2b1c01285432d957d70190e51a73c1565a7afbb1a5b,0,2009-01-12 18:04:54.000000 UTC,19B32mm7b5x6HiBCRVpgQZUswbQ29b9YTo,5000000000
4cb9f652eff11c0ca4d91950540f82f7aaf0d3dfa2b650234633640149915b3e,0,2009-01-12 18:16:41.000000 UTC,13kjsBfe8D7bwmT938DxCLHzjvae6uvHPg,5000000000
15f09c3978221c2a92e6469b1b82762f21b70c216944a63c9a821d8f846bb48f,0,2009-01-12 18:42:53.000000 UTC,1SLkiCeQwBe56cvKMXmo8dYAe8SmjfrwX,5000000000
1bf65bfe16dba06a386e229bb07c8d5e3f36cf8740aa306709a4d7923b2793d7,0,2009-01-12 19:01:38.000000 UTC,1JKb22MuD4BhZMru2jpdpy8iRATyEDpy33,5000000000
67ce99e1604be37cd67d18779a3fa7cbe758fd20f56978f6fc94077c7955aaff,0,2009-01-12 19:12:04.000000 UTC,1CbGkbGuvdoZGnywSfq6iV5MBQuaFQZfKb,5000000000
f7126304f9e03c82c7c5ec4347c6c4e7ea9eb765a431307cb60d81c2c1b671b9,0,2009-01-12 19:26:37.000000 UTC,1PQhPpysTvkYRpjpHL48KuQTRW7yS2k9Hx,5000000000
6f80ca7441710cf0942cf99e3e8aa59d38d73b124730306afeb1aec8f08fd76b,0,2009-01-12 19:35:10.000000 UTC,1J9HkGKPDd7ek9DA1V4NDEma1F1h7vHi8u,5000000000
5f7694d702a9cf2ea6d3f0ddda1a4c488c507709b5440ab5a7aed4a74f4e5401,0,2009-01-12 19:46:03.000000 UTC,14pBXdFvEaPy6t4gbnrrQWu86ZYPTivEx3,5000000000
828ef3b079f9c23829c56fe86e85b4a69d9e06e5b54ea597eef5fb3ffef509fe,1,2009-01-12 20:04:20.000000 UTC,12cbQLTFMXRnSzktFkuoG3eHoMeFtpTu3S,1800000000
cf7bddc54f693c94a852a93e80ce971358d47b478929772b60cd84a41e0b3451,0,2009-01-12 20:04:20.000000 UTC,16NEqTQenDpSAn18utw6sYD631Cq9znZf7,5000000000
b415569ce5c39e7397dbea33c02eb9c632cb22ed771b20be5bf0fd0e0256897d,0,2009-01-12 20:11:35.000000 UTC,1PLgv319qXvnmiCAL3pH1dydVQSwrr2F5W,5000000000
d4f94674f0e13387b84e8b3d877e9c458bf00f170a2707ce5fc202084c5d2d0e,0,2009-01-12 20:34:16.000000 UTC,13iDhZNq6ejzR4GcRZo8F9A9oYR4GgXV3q,5000000000
ee36d141029ce5c0583c1d78b51d703b6da87279219d1fcf2e3cb21ca35f361c,0,2009-01-12 20:55:59.000000 UTC,1CQrDCsUkuvB5SUa9G2eAc8xqYZeK68x7j,5000000000
242aaea6008ac8c852d6b785748cc46c8dfe1578d94a411fac3c5bd714b4838a,0,2009-01-12 21:18:34.000000 UTC,1MTKWKTfG1Gxc1sH955eob7kp5cQ3CcexB,5000000000
658ccc93eb264b6df511e8ade85712e353ddea5e0cfba4658d9836e111f8996d,0,2009-01-12 21:31:22.000000 UTC,1Hr9AYxjsDUTuq8d1c6tCbVpYWBCvHUupm,5000000000
3949d0ae1e01cce3b6073389b628a320eabf93cbc34afebbea1315a397403b50,0,2009-01-12 21:42:41.000000 UTC,17uiEVD2d9U33YzfYJ2vZ9BrUhmMYVnK8M,5000000000
4309bfeed77a70f309da08bcf8948906b9cc26120c0b0ef86e0ac67284bbd79e,0,2009-01-12 21:54:50.000000 UTC,1N8Q8bSJPLkoZUkdREsQA1dGsHTPrQ9X3j,5000000000
12b2f144a461e73183571a52332fa727e7b76ee49e212e0695446b7ac78cd3e8,0,2009-01-12 22:07:53.000000 UTC,1BwV17G9AyRuPocPeonRTx7VdCAXga43rn,5000000000
214cf5e003c073e162120b143f84b5552816fc27248205533f00b7e5042f2737,0,2009-01-12 22:26:03.000000 UTC,1PWPk2buWhozxYUE3vnb7MnobjCMkEmagU,5000000000
b8bcf3466dca324bca7f3a81e992a14afcce310adc290e786aa7ec78b89b8f19,0,2009-01-12 22:45:49.000000 UTC,1KyUEsMMKw6MNW8RZKehJpyKNyS8ZmXerX,5000000000
d776eb69b1729316753621f55d83fd1d29964dcad0a9443bb6c2a5349e28e345,0,2009-01-12 23:05:41.000000 UTC,1Mdioqy6kR75YvHhf7eqhTsRxoYfQfhbgn,5000000000
4d8ff7ae5fc60f67069f0b4dd5da0d85ae9b64676c05cc01ffc500cf345b14f3,0,2009-01-12 23:25:28.000000 UTC,13F1h7nLa4bgwgvjnRnBYh5cn1kpT4Mo2p,5000000000
fa015e93b37ffe1314bcd6d821fca951978138ee5f417ab1a460ddf34b1943f5,0,2009-01-12 23:33:43.000000 UTC,14kbZs9yn2k5r6R5Tkf6gDKp3b3MDu1eGk,5000000000
8a1289e68161330fdc167aedb8ff464b537d2ed1fcd40bdc6a264694b66581a1,0,2009-01-12 23:45:47.000000 UTC,1FUgiNk7jjSeNaA3KCoYmdXdhcd7CWrjGh,5000000000
2b361348f1b00810ae521de7912a199d4e184a03b389892d3a89ad021eb9322c,0,2009-01-13 00:10:21.000000 UTC,1NeBSpCzbNML5EZDBAgwT1BQQtMRe1c2Ui,5000000000
afb22d24e466012b7bf38b0cc46b48551d9cc0834875e122513c788b9a370c26,0,2009-01-13 00:19:40.000000 UTC,1CFBdvaiZgZPTZERqnezAtDQJuGHKoHSzg,5000000000
3cbcfdf7fa3c6312ee0c38dc2263cdba176a0012ea818ef99f833115f363ab11,0,2009-01-13 00:20:51.000000 UTC,185ML6h3Ee3CmbXkXRsv9nK6uDbFubNJYv,5000000000
06271e4f803593c477b084788e9d98bd5e3a17389a107de4e2f7ef37afc30010,0,2009-01-13 00:22:50.000000 UTC,1GFoQ9wGSgRkE2NYNnmyTufJUbPdKTuqcU,5000000000
ee8a69fe827fa3519b9fe8704eeb5923e655943b21f46f070935f8febbe6433d,0,2009-01-13 00:36:04.000000 UTC,16nRh2GxsbDDV9uvPVRUXSyjyWhiDsWMZD,5000000000
04a0d7c4a8c7a8a0598730f0ebcf0e7bae213576aa104da30d82ea38cc1b34e3,0,2009-01-13 00:41:33.000000 UTC,1CKdw5GAp7vrh4Je2xRftmsJR2zWqpiGmG,5000000000
746f072f376eb17dd3699c9589e5a020bdde959146a063a3113a0b72767f9b78,0,2009-01-13 01:06:18.000000 UTC,1G582FH1b5NFScavscH8UgMki683NpTTa6,5000000000
2279d42002c293eeed5f24f5235ab8c417d6d7995fd99f435664e60a49fb615f,0,2009-01-13 01:25:00.000000 UTC,1AKQFY7YcDFj4xpGpYQ2GnpyGu1YGyUHcF,5000000000
c639baa3634a88990d1756a284883ab42b6057a0c3a359fd782e61b64ca0a0f3,0,2009-01-13 01:37:21.000000 UTC,1LjsyzV318tptLPUNfs6w2jUi6niFXLJuE,5000000000
e3445e3e66b0f7fcf98e7b6543efb27b6bcd7e144afbe0208ca5be0c0390d287,0,2009-01-13 01:46:59.000000 UTC,14QFGVvDKJZEBMagGyDctfvboG2bgboBAU,5000000000
9e8c82aed2631cc68d823f7e753b906cf26a5f2d1ce089d147de4d2175cbcb22,0,2009-01-13 01:53:42.000000 UTC,13Pqi765raqA9mFW4q2KormB5B5huYbHbs,5000000000
58bc6146b3977c03d5b89de31d7041b5e52151d36b388c4e55603f5440f45a9b,0,2009-01-13 02:15:26.000000 UTC,15QFLqNG398Qwhv8DjkERVpY5fXnaJbLu6,5000000000
5a3280bf1c7027dd9767a87605d8163c975f3ca684d9fc4449515efc67e98111,0,2009-01-13 02:19:56.000000 UTC,16SneNM9p582qaeuLgdvaJy1pK16awe6se,5000000000
d9ba6ef4da1415fc845f44364543a7c2b523e1969afa77fd4e76bf558c253fd3,0,2009-01-13 02:50:25.000000 UTC,1MeYKCPYiMbA9CD1moK2RE7Pb47mgK2grD,5000000000
004ed5d4e3dbb1100299798bac8be35aad6e67035b227fd913e963f4e08c7da4,0,2009-01-13 03:05:25.000000 UTC,17kMwyZ1zPHasVyeo9L7vnpnH6WuxNteMG,5000000000
5702928a472bcf4818940fb65575c9d2819ab840005ab998fa17b1741ed86357,0,2009-01-13 03:09:29.000000 UTC,17c7Q8CbP3o2iLXfgBB3tqnbf2qET1vDe4,5000000000
a7e36c86964e8c8e796d752129f57d1705044eb3c5cc1ce0a345a219c4732c33,0,2009-01-13 03:25:39.000000 UTC,1EgsjUzDP1C2G3JTMLcC9qX6N6JNDoKDPt,5000000000
b87618c8c871b2566e0dfab21358beab731a47e13e029acc9ecd7318aa73777f,0,2009-01-13 03:34:19.000000 UTC,1P8pSG7v3dQ8DSj42tUeUP9RQX7u52jCSh,5000000000
bed934e8ab0ce624c5ad6fb57cb71a41546b4098b2feec8faa75944d65cc3586,0,2009-01-13 03:46:35.000000 UTC,1DsXxztYCB7EC1rqExZAMNrCYpQhpntx9z,5000000000
36f436ef77b69423d639aa6159aaebc036de5054a309afc21d4927ae4b5417b8,0,2009-01-13 03:59:17.000000 UTC,13fpwAyzcbNJ2UDFWnoeQ2D2tVgvLMCjmd,5000000000
1d282d062f4f90a2663d274c818ad6068d63ae7a13c98bfb79c93207424924e0,0,2009-01-13 04:15:41.000000 UTC,1Go27SzmXaedChNgyUYgPREn8Q7Cp7qqzq,5000000000
d8fe27ce8417be1a3fdad7c5fedbf258413a3cffd2035e9c704a22fab0ac915c,0,2009-01-13 04:36:57.000000 UTC,1LQZn83Uo13UXXvvTWvwE93wgdE4uKSdAU,5000000000
8e760e3250339c2d14c064082e6d5e968d1d8ce356d40156a965d2790db3b3b2,0,2009-01-13 05:02:47.000000 UTC,1Mar5RmTWn6Hh7L2NvaCUQ28t56wvm1h2w,5000000000
254169b806e05b3b2564127c3d6fb1e16d920bfd76a8b7876e0635fea53138ed,0,2009-01-13 05:14:55.000000 UTC,1BUk7k22W5o8TgU9UMPbueGAUZFYXrKFfe,5000000000
98dea46312e3d10984695fc127056ffd266b607ef4018bc65cd9576013a4bdd3,0,2009-01-13 05:24:32.000000 UTC,1CSx3HZR5LDSTJCirk3xZuubJ5wF5c3YdA,5000000000
a5d3474ea57191b1c00742684448a065d24acf79226b504592db8657dce18d3b,0,2009-01-13 05:37:26.000000 UTC,15hzwjHLsh6KrZA8TUfQaAZ5o2yTPAuKfW,5000000000
eb82621de40f57f1d30612da0054f05e0ea5eb632951a6447098d0de02f7d721,0,2009-01-13 05:48:27.000000 UTC,1EAogPN6gFH9wnVdRz47MwG3W5zC2Qwmgm,5000000000
5b3f0a651529bde1ea8f2368d631752be0e28d1fd5f287cc86d63ae0983a1ac2,0,2009-01-13 06:03:53.000000 UTC,1LvoT1k6zyAgnaywhQ3D86gHLoFyok2VuP,5000000000
065fab4aac42671a74eee036873d71fd209102b0e2c7a0bd5910e1a31d507c98,0,2009-01-13 06:18:09.000000 UTC,17toKvqM63FwvpveEBrNt8qNGd3WYA9rwK,5000000000
5fd9ffe4c3092162852b3befd8bf1115fc8d5f707d51dacde01e32f586a7ad07,0,2009-01-13 06:35:41.000000 UTC,12AXzKtoBd98ZnVUoDs7yH82wqZWennFiU,5000000000
7e0112d69dcf86bdbb0fc74243751d7ba7c1984e898685994054c17fb156688e,0,2009-01-13 06:46:23.000000 UTC,1P288r1CHfCRcHh4hqKzrYP2dohbGHmCLk,5000000000
eda65f77e1d65f6c8f168fcfd7c2187db499f5d077027be9f001d0446a9f73a5,0,2009-01-13 06:54:44.000000 UTC,1HcXn87cPhmspgBPw4hN6tzELshYMxRuE1,5000000000
049fa60fe6206f36ceef739b5c1ef92b330a2c5a32da9e6e0f338133170662cc,0,2009-01-13 06:56:12.000000 UTC,1AXJrJMX3B5B9vd1hRv9w52ns8fAtMNSwM,5000000000
4c90008a759d98f976225da08edf81e8b80f4dbf399e74d6d7574587b90129ce,0,2009-01-13 07:13:11.000000 UTC,1H3i2DL3rDKWsbTSqXHDU3YkeDT5TGP3cy,5000000000
4f730d9ea9f3217440df67d200d74f49b2f6f5f794674ba3b24b5c905c1c937e,0,2009-01-13 07:28:14.000000 UTC,1HtKKEB428rBJxQ6pGMusuGH6SxVjruydf,5000000000
bc15f9dcbe637c187bb94247057b14637316613630126fc396c22e08b89006ea,0,2009-01-13 07:40:35.000000 UTC,1Pi8agZKamjLJxfeGRUpGWGQimb8N21Hig,5000000000
a6bfbb7c1fdddcf4a356f0e23a4d141020d6308027c2edc2313ca2399cae2474,0,2009-01-13 07:52:55.000000 UTC,1NFvr69GyzW3GLGdsNKZ8vW5yRa5Ndy8D,5000000000
e3571250e3f925ce7af635e1b049db5a7f3d10ab43f8961b3e5c8d4a8845cae1,0,2009-01-13 08:04:21.000000 UTC,1ELTDVM85P22TdMkK6asC5Sxzywafi1JKL,5000000000
509cbf04b709f7f643fe71be1a97f8c494fd103bbb06809ac84ec2a4c3332d27,0,2009-01-13 08:25:08.000000 UTC,1CKpZiWmAKZywrXx2ocrP58NMUnupUhKbG,5000000000
59a89b39a39db71b950be0dc8677be71a853260fc0250ef25e71fb0ad8196fdf,0,2009-01-13 08:34:02.000000 UTC,13ZhaKAv6Rb73ycrL868x3LA5xfnmE7Xyj,5000000000
ffe47b80afe6581bfb31bd0a184276a1c23906d324b56ec2d2a349e115910216,0,2009-01-13 08:52:35.000000 UTC,1HMvTfyWMdJ6rP2LjQ92tPL6Qmt53fBScr,5000000000
c860f14427dd40ca724600f78effce48aa0937e3300946903149276af9ea634b,0,2009-01-13 09:12:26.000000 UTC,1C2XQeritz4rkdff9kiUtL9MPUrH3KXkd2,5000000000
edcf0176cfbb5c2f69f881f921c11405c3350173769a5cf8d10f6352fbecf085,0,2009-01-13 09:21:33.000000 UTC,1F69kZBVERfCmMzj8MvXm8U8p27isphqtY,5000000000
06c3a86183a526c1e1f4f3b743471ae08a642b5a0361f639f4f10b60b3a8932b,0,2009-01-13 09:37:41.000000 UTC,1KsYkCquJGy8nofXCRSmKWyLzeSqUogDXy,5000000000
c6b6f786bbef7a4b76811360368ed009e33dff898fd0a174a2253d60494bb109,0,2009-01-13 09:46:42.000000 UTC,1JJbYrEQmkFnhqYPKxDDQSRgiXmfGAHGSf,5000000000
e0f2a6a8e73dbdcb500db515e100c86177aba952656e4b2f3c4311a38ab7b77e,0,2009-01-13 09:49:00.000000 UTC,1PdNEdE4zCpMw7ZJx5xyTmSfXCBvSV1gd2,5000000000
66b2b260ae4964b7756725729b8b6d56b1d4cd19e3ffdaba2cdbec3babaed948,0,2009-01-13 10:05:24.000000 UTC,1KeKbw9x6urEdT8MTAqbepwVg1Z6esxM5e,5000000000
abe00821cc74ba9c323cee4dba547eb101a7848130aa0646f4bdeae37d8b1cca,0,2009-01-13 10:14:59.000000 UTC,17oK57YwK6C2kAF8WE4azAJandBFSe1noK,5000000000
199608a11d1886752321567fefa3f4199ef4fffc72112a40ff69d186a46b0143,0,2009-01-13 10:27:24.000000 UTC,19SokuYu8wkKVvxjE7fQySJBxA7DvW2cvn,5000000000
4db3c5ee3446c90c30841d1c0ae3c82fd7e9b2e870d2e6dc26cb2bfd45b32425,0,2009-01-13 10:46:37.000000 UTC,13Vt63i4G1uMhfnkK62abVNtKwYDpNf3qz,5000000000
7a21e4f7b21ebdcf4be47933e732ad6b2232bce85b7dfc1a922d53363018289b,0,2009-01-13 10:57:25.000000 UTC,1Kx5jZqcrc5xoYxz1CnWMNQSKK7GfSBNC5,5000000000
485b1a237ec9ae57051e37ea4f2db852373cef6ed32d7f18869c0359e5972296,0,2009-01-13 11:11:41.000000 UTC,1DobHRwghQkKgLg9ZDSRP5veTyKhJ4xq7h,5000000000
3c25b20d4959008a6c0d204696a7540ca3e66f6ca146c69230e3034c67781ac9,0,2009-01-13 11:27:28.000000 UTC,1KvPSnCYQQeKDiyxZ1uD5MuFBWk1u1G4zv,5000000000
295fad4bfc338409b3fbce82f53a2e6e16a627475dd9aea38d856fcfa0228753,0,2009-01-13 11:43:10.000000 UTC,14CSP7wTwnse4FXfbqY7XNu89w3Ns7GwiX,5000000000
fc0d1d73901ee27a693e55959f5e20fc913bba86e336a384def3210684d9484e,0,2009-01-13 11:54:29.000000 UTC,1GyeTSnLLJGjMEwTtbKAyKszt9K4iUuYjH,5000000000
46b82623f888167d7dce3ec250aed703f5e2cf4b2b3737803d23c5be9e2136d0,0,2009-01-13 12:06:12.000000 UTC,1QCL4pVUEPMQQ792MEnLPdX7ZDUmyySc3a,5000000000
9350f8022ba85d248c58719692d374e0198689b84e8f2b108760be4c6d78a01f,0,2009-01-13 12:23:36.000000 UTC,13FnhkPLznaoRYPB34LFtU33dDnZxe1eze,5000000000
5f24c920f03072d0e021d1130b6714ecaa3c2c82ac220bfd96db68922675a82f,0,2009-01-13 12:33:07.000000 UTC,1GxmPv6ojoDmxucsYKL3Hra4Nu7CqxQNmW,5000000000
cf0ce82b3cacec1b56c157dc432c234a765cf47e6284bffd930bf50964728b16,0,2009-01-13 12:45:12.000000 UTC,1KudEnDg6gcb2Qxiz9PWFzxqdgrcDVWA4Y,5000000000
58becca2c848749afc28feba09088b6dc2968a95be41f2109ded23be0fb8ad75,0,2009-01-13 12:58:51.000000 UTC,1ATiXZcTkgnBzDBZ1T1cX3b1fNvAQ7Qmin,5000000000
963f584442e40298d9631f4b03c90e6bf4be6c934d7cea764848e1bd645de5cf,0,2009-01-13 13:05:44.000000 UTC,1ELjm88xyqdU5cd5o5JpJuuWbdQfakRaKD,5000000000
0b885d4090e4874d8abd274a722c9c2dd08c27ee92f385cf786f0a3833c79882,0,2009-01-13 13:25:08.000000 UTC,1CSJo2CFEyN7Pzcnzd7JRLv5WUAfZZ1AWB,5000000000
ace381ede0930705a2b99f836fae6555872297fb8167b59d153de387160d4d4b,0,2009-01-13 13:42:52.000000 UTC,1CRVKdW1nJrZSGUfZU6iSXhK1MQqsnjpz3,5000000000
c21ec58e759f197c12d5701c1bab2df8639d2d4a2b1715d98eb7284b82c7dfd8,0,2009-01-13 13:50:04.000000 UTC,19TmydgkVKcuBPrNauXc9XSusG3brEMXxh,5000000000
38b5528efdf657b6be24e80e57bb097e65bde74bc653c8f2cf0b9bb6bba51d1d,0,2009-01-13 13:58:01.000000 UTC,16WDW7nE6pfAyZkrCdkgFmeMAKrESaB1un,5000000000
520913b56d1afaede2eeda719e81b5b85ef943f0ffd6d367848c7e83063180be,0,2009-01-13 14:09:41.000000 UTC,19JFpHzaW4pKyeSWUYS6qtoZYyfgSdJDrC,5000000000
c2b03396c3e8b17a6392f9c9994633ba04bbde60328dfa63e0d1a69cc75bcb1e,0,2009-01-13 14:13:51.000000 UTC,127xfzeX9eAVVUWsjGgNDgQdVMBFtcJXEg,5000000000
1e3d32020b8dfb2b46adbf9be1a006b45b056e14874114bf0253acc4e39b411e,0,2009-01-13 14:24:04.000000 UTC,1FmLy39wYNs2XwcLxRAVhQFm15smygrL2V,5000000000
2902a7464e53e63787a6ad8fca1e4b85b566bbf0064bbf28ce1ae183ee84d791,0,2009-01-13 14:31:48.000000 UTC,19qDF4DVaRv86siDoBzXYaWcAbrvPFYZz7,5000000000
66b5989a35a9a50b63617b5d410a6376e2df36fcd6c8355a8b8a56c568c3113a,0,2009-01-13 14:38:48.000000 UTC,1PLPuVjBWd9DWRaVDzFURMSkZmzqCjGedL,5000000000
256e2b962c907444107d36c26f03ea2d47a265bcd3a20d9bde43203ef3ce1649,0,2009-01-13 14:44:19.000000 UTC,1NLNkBF9rNTKd4efsS71rKKwnmdDqWMA17,5000000000
9dffd6b18857fcde50faa1d4f328d5e84af7ad671adafcdbcf7d1a7d566e78b7,0,2009-01-13 14:57:15.000000 UTC,1PonKTKjsFUkUm7RwxejxPtzcX9M3YzQY4,5000000000
2b2a848c2224f3c82c2d09f9da4082912037b30a74afa031f47cad49363cd509,0,2009-01-13 15:05:59.000000 UTC,19hEejxnZPpzLNGc2BbAmpbkxpjwqhbejy,5000000000
88d5c23cdb2843057397159dddfefbab00da2b4a4f94a45ea5679bca2e38f009,0,2009-01-13 15:21:08.000000 UTC,1LH4HM3m9K53kpZ8w3sPeEYmMd6z1z6DhG,5000000000
e0c91e7218e8caa0b339743b426825c0092845c7c24415290510d735870c45b9,0,2009-01-13 15:36:27.000000 UTC,1LJGRuqGmMp3vjhJQpuRgFTnd7h7v5yDLp,5000000000
ba3a782948227ab5343027f94df1432d6571268912e208b843c783d9726c7b82,0,2009-01-13 15:45:22.000000 UTC,1CYqkzUCSCxa2r2wmxmu2xY32y1LxaUEhu,5000000000
e9b4eadacc081d16f38cedd90c5a08444caa904e11ec66f056019f4449239e9a,0,2009-01-13 15:51:33.000000 UTC,1FzsCEkmp3WRzEHhGSsuhhpkSDuhdbq9hz,5000000000
af0b7b63af0ab11048aa6df0ceb0e82a94a247ddc9db1b0ef5c512ab2b60e27c,0,2009-01-13 15:58:19.000000 UTC,1NG1yMNjJLPnjsXAa7rpQZhCbmM8UUN5mo,5000000000
9ca6cdc75db707190ad5dd1286a1969d543474dbc16ceeca22b4b5d841771716,0,2009-01-13 16:14:50.000000 UTC,1JxgVi59npkWPPU57Kr9MAb5uwhWj6Gp6w,5000000000
9240bc95f391ea1730d8c98b660f7e98fcdbcf84435fd839ee95a83bdfcab0bc,0,2009-01-13 16:28:10.000000 UTC,16oMqP6mFLAAWbpxGf6Bo5F9SHUpgutwxa,5000000000
2053541c3f536a401ccf10b58637168cbccfa040db3527de32b24a4c2178b373,0,2009-01-13 16:40:57.000000 UTC,18ic1RDi1AjZkrqxgDxnsibEFWSvmVRoZ7,5000000000
272da16bce9a03c3aea2b294616e8e72e45dd29557938c10ed0848e62ad76018,0,2009-01-13 16:51:18.000000 UTC,13SxLs9mUbCyXrJ273nJLShaFq5dmDNiJM,5000000000
7bb7e39b2db8ca464db731ab5ce9cf8da82c57f85a97b1469646512ea120e736,0,2009-01-13 17:05:58.000000 UTC,1H79k9G7Fcy9NYn62cswr5h1VJPaygs6Gw,5000000000
4c4c29d07679bfdad5f037ba429419d206a656782d5aa88ecd728a0033ac1a67,0,2009-01-13 17:14:18.000000 UTC,1PdFaLjq38qFWsFqkvUfG7JwBfnsuxLsL6,5000000000
cfca74c0c3b1f8560fbc3866915a161d4fc1c03b85acb9ef3a8bef9c632e0410,0,2009-01-13 17:32:43.000000 UTC,19P6K24sBGWhT6F6xXE7ppGjJnTjdkiMQS,5000000000
987ab2614f1d64bd6315a5e76ca3393716b77cc523be7356d264ee2d9b9b970d,0,2009-01-13 17:42:29.000000 UTC,1BjQyJZBf1B4DuQNkrLb9Leu985GPpzZRT,5000000000
3caf7b5832b0be3621ec166a3560e90bf267485a987f6d3e99b1e142497f2ae0,0,2009-01-13 17:59:37.000000 UTC,1HkNu2cAvgrpg6evAg7KDTo5n7magkMMXh,5000000000
7a7bb9e41b524e03081b8114762b3138bd8d0ae7f2469ca68d0d2f5967b894d5,0,2009-01-13 18:17:35.000000 UTC,1DKw14Gr3w8rPQV2mHLaami1pzpHy8M1vy,5000000000
8e14057a94ffefff7dcc9e8ab9c9f7090ab3877d8cc918641af2a76e1df5b4ac,0,2009-01-13 18:34:31.000000 UTC,1FjA2SSx4xu4q33GgsRnuezZEQVsMH3kg9,5000000000
6959b3dad2d2c20625013a464b5acb2442da2096a1243e0034e1e5a984b1e10c,0,2009-01-13 18:48:36.000000 UTC,1Nyeey2zgSV1bSTFca6zon7z1raoMuHqeZ,5000000000
ec524d8c32fe505dd07eee134d45ba2cedadbce2d77a75dbeac91f1228917203,0,2009-01-13 19:06:50.000000 UTC,1FFEtukmcb23HaeAFHXc5tWEQxJrJcFVoK,5000000000
94d1fb56b33424657ca086d8789672ad38cb7ce333da642b9f38568ad3576845,0,2009-01-13 19:16:41.000000 UTC,1MWsRH8mA36a4LqzvbqEJi4et2HVcDkKyK,5000000000
306eb738d2d0cd1f287d919302c8edd5114f03d2ec63b129831b1676bc7f2b83,0,2009-01-13 19:32:32.000000 UTC,1Kn9FZNVtKs1SGGqa3jnq6zdnopXHhTmpQ,5000000000
63722234d931137e97fbd0e76ce4d0b5493cdfd6296fa1b534646c3e61480946,0,2009-01-13 19:43:57.000000 UTC,1KtbSCLMna1guMWPjMyQwXNsGdi94rJJAk,5000000000
5131177fea9b1937808d86509587ab3a2de0adc882085531a63dc826cc7618c2,0,2009-01-13 19:56:49.000000 UTC,1BHP5ctS55e6FR4SqidpdeYEzEfmKCfEz9,5000000000
c0ec5046f2616b7562fcd2b0b9bcbad187486bae9448dc6b49362175b3a1c5ef,0,2009-01-13 20:07:28.000000 UTC,12CnxFWVZq59tbsgoSn6TJWArWLoiJDRNk,5000000000
4a91dc63def53fa07da7f292ca85e221dce97f20f78f41d0a6b0aa1c77021913,0,2009-01-13 20:26:18.000000 UTC,1B74mH4g8X7xwoxVwpLgCSvbd229KVSEqH,5000000000
c8c63477f4c63eedae8375b15a11f485fa36f48a0b8a2a1cedf4add92e1627eb,0,2009-01-13 20:45:35.000000 UTC,17uH84gEsksgt8dCLsBNozWcau2Xr91LuS,5000000000
8fe8898cda7e9cc974804cc565a08ca62ab5df4fca8245f3474ec5a8ef5a71d1,0,2009-01-13 20:52:57.000000 UTC,1HArN1vwJ1dy8Xv8LqhZJcp63Fwd9f4V2N,5000000000
1098da43c20a1e1bdcec45ba53d56460bfe85f4ccb2d63418cff7d18b70afb0d,0,2009-01-13 21:00:31.000000 UTC,16u9zezdrdYGj4pEp3GQPG2rmoG3yF2jLx,5000000000
a19e4d81067330d49611e94b7046962a259ae2954697d9287de1ddb2046c81e6,0,2009-01-13 21:08:07.000000 UTC,1PELCFMj1gLPYPerRUG8Jo4tdqgaVuzHfp,5000000000
3abd3ac1b6062f6393e0c62b4749f38a0acd8e7fba7f6702768553c545655771,0,2009-01-13 21:21:08.000000 UTC,1AGBe9x18wpRiRTY7mUY4VwJWeVAR8WNB7,5000000000
bb8b5ef6ae34dc5b05089fac252376b871c71f820ccc624ed37f3289dc56cfea,0,2009-01-13 21:40:23.000000 UTC,1Jfe1uxiuxq6zxeaSnSZGA9CjAh8zrDZCU,5000000000
54fd10b70a3a512cc22918142a46efd046e406d965d363495ea78a418e0e44c9,0,2009-01-13 21:59:54.000000 UTC,1FbxJu9Honm2jkE4iFrjxQMqLXutXF9cpV,5000000000
fd1dc8f8f2c916af26ff6dd83bb6c2cb209cce0299061dab686acffe67b5588f,0,2009-01-13 22:15:50.000000 UTC,1GT4RxAFPJFWVixeirmjARStHwfhwwfjc7,5000000000
61d8ffab3efc5d3c107d8bd219c1a00367e386e0a8d625f2575007917619fe95,0,2009-01-13 22:30:47.000000 UTC,1Lyr6LaJTG6n9r5imdH4gELxkzJsbQxhAu,5000000000
f1b82a8d9b758c3434391b89dfe44b1606a755ec2744d1570beee37efc7fe509,0,2009-01-13 22:40:24.000000 UTC,13wdUr5phHen1PP1dK8NP9jGQqpk8PZm6A,5000000000
1d2d4ff87874df163a3ad7d7657f075b6fc97f99537832ab64a4072d1430b386,0,2009-01-13 22:49:32.000000 UTC,17md2fmB4FenCdGZAQdHkVQLAuaKQ2hnVp,5000000000
253c15199bbf9b5f7138984b052be13fc59668030d049734792c7fd821e096ee,0,2009-01-13 23:03:26.000000 UTC,12giTBKtUMH52G6VUX3RwAcAszDgu3brXF,5000000000
20ace51d65bf8324c4f7861eb3521d26732fba1f8a2c9d30b50462c2e8cd8796,0,2009-01-13 23:11:59.000000 UTC,1CFWnwazRxwEVjzMsvseJPbg19VUZYRQto,5000000000
70139795c7d79f2205ebc0092bf0aa19a0ffeab0a6fa0416b986dfb3c3d03fa5,0,2009-01-13 23:29:17.000000 UTC,1FowJFNmVX1mp8P81cvm6HK4Y7tsPyTcRF,5000000000
2e3b0de1b9a3aa0079751ef19453acfe929805ac18a5b42621186c6b5312e877,0,2009-01-13 23:42:58.000000 UTC,1Cev2okbpwDPH3jPoHEWJFdrFCrmfodv9N,5000000000
d967e6bccb5d3e9db00ab9cfe799b92962afde0f6d3af9923052e21b55605f03,0,2009-01-13 23:56:10.000000 UTC,1M25afExu5qjfC5gaeAhjfzNnDDLG5XaBy,5000000000
f605681ec24a0545f24cdab7455612abbd3cb53ea883e014a549af808c4b1541,0,2009-01-14 00:12:46.000000 UTC,15CPBGqhqwi26vgA1TmRHgjSsQCbnrvJRk,5000000000
8d170388714900046ac643f6b5440edf144cf75cb2161b27e4c2a03917e7ce76,0,2009-01-14 00:28:56.000000 UTC,1HRmFHUMtQdSr4y8kmq9o2ndVueuXGsF2G,5000000000
287d7292d35489fdfc814a11c35f1c7d34847e0fca849c5e96fb26b479da50a2,0,2009-01-14 00:40:44.000000 UTC,1AnHrnD7UbCVwHwWkBYiE9fTpvEnNiitVc,5000000000
cc4e08387b763ca8dbfc28054f9f6be626d0fd1797f1eaaf8df0cec90cfcd0b6,0,2009-01-14 00:53:46.000000 UTC,1B1r9TQDiX2U2boVKToMRjpcYgjvzpkWp7,5000000000
04580a0ceb45410a243fc3744126a293cde6cc4063723a6b6f269e2f83d68c0b,0,2009-01-14 01:14:14.000000 UTC,1GciAZF9X4HWfwXpTvJWLxrjEDWsLJcZ5J,5000000000
10c712c4ccd418e1c1684cd1b4cbb83d972d33c9da873436a5632fc92c45b4c1,0,2009-01-14 01:30:14.000000 UTC,1Ami8JxY2Yc1FWuQVnWscron1D2PiWxskP,5000000000
203c52303fba40a9eec5721b6c87b37639f5505bef1b53e36613d7c3bb4c9674,0,2009-01-14 01:37:33.000000 UTC,19mRUvwRVueDy7rap4fQDkzz9XUa5rhso1,5000000000
fa0b74cfce692a7aecca56b2ea011fda76948ac6f157ac8d079400225884ae1e,0,2009-01-14 01:46:43.000000 UTC,1KasxLaoYr3JCnZmesrhYGuVxv6vTHQu2d,5000000000
c3ab7fdf83633f9035aa56a72353519db20107f9ea9552b75dde973cad547f42,0,2009-01-14 01:58:51.000000 UTC,18YbbNd4uLSPXkcWifNRK3JZQ7JVRnMXHa,5000000000
1235bc4984c505e2d9fcf3e83b65d2fbb42bdb1605f756e312bb49654724ded8,0,2009-01-14 02:05:51.000000 UTC,16ucnLgySRLYy2mvBuXFZPZCRM8DoFY46W,5000000000
8003caa9beb909f3f11a00e6532e1f161ff86b133ed186efbe101a5c8b2bb265,0,2009-01-14 02:20:18.000000 UTC,1Kz7UyXbgSxL83hN8jArHqQcE1obqsK1B4,5000000000
c056d48ae983586d78b51352c7d689db7c33acd286958301a5ec59e3a09ae016,0,2009-01-14 02:33:35.000000 UTC,1By25jX8SptxkHFrFJrgbxhuB83C5GGXnc,5000000000
d9ab16fd9a8a5758e9a276eeecca67f232daabd6a603c8c6a1bb0b99c542163e,0,2009-01-14 02:48:59.000000 UTC,1FqZ84KUqEE7qJVRRTauLXYRjt1JfyPo71,5000000000
ec2ba1a3784dacd6962d53e9266d08d6cca40cce60240954bb3448c6acdf568f,0,2009-01-14 03:02:59.000000 UTC,1562oGAGjMnQU5VsppQ8R2Hs4ab6WaeGBW,5000000000
fd6953adbacc06f9465fea4812ba82ddfcfb1a0254f4e63619f54cf2d60db0f4,0,2009-01-14 03:14:28.000000 UTC,1LTLwGgVR4ey139PezChWfFWbZnGVCEmym,5000000000
6564bbc764f693e45d0cc173e3b4b4ff20244e9dd6226fab1e3a3a9bcb3e1e5a,0,2009-01-14 03:21:23.000000 UTC,12DjDWvXifrxizvn7rdQdYqrq9jnY6iA4F,5000000000
b1d9ceea015b06c8753f48c0a04336719f00abbcecc5c1ed11a5c3005c587a0d,0,2009-01-14 03:30:35.000000 UTC,17FNKvUnLaB8zJve72S2E777ZDEZBBRBk8,5000000000
f5fe20fadac94288a0ed18a2b2e181471e6b75a023b7b2f88dfe4bb8667c6437,0,2009-01-14 03:43:12.000000 UTC,1AUsn9BUs7RaxdPoHuyfDgZ2uQ6kWHRonh,5000000000
9339603183ff7a267eb4fa98920097979520a6c400bc771f50cb81de1b481867,0,2009-01-14 04:01:19.000000 UTC,1GL6i1ty44RnERgqYLKS1CrnhrahW4JhQZ,5000000000
145184076b0902e61454ffef9a43c8bd3a3d3d8ea34bf3facc6c21138a74e68a,0,2009-01-14 04:21:23.000000 UTC,1FbaHimqo6FAQbyrnUjiMutgwpocLDw4bS,5000000000
fcb92c7d90a54b009c3707fabf8d833f1e6544dc51121576cf497060cdd7e6a9,0,2009-01-14 04:39:08.000000 UTC,1EiMGeZVJ9f3Zuokp4KWj3PQuowZgQXUeM,5000000000
42c8a250c0512d2b2e439391a66874684e1047325eab8cef8f786e82fb2abde0,0,2009-01-14 04:54:23.000000 UTC,1MycUHutP9zPJsCqhVAWDmj4rbhKvtYE11,5000000000
80243f677ac731f4dd97e345832e41995cc11e90fc30b83806ecb470be1d6280,0,2009-01-14 05:06:17.000000 UTC,1HYcRWMoyTDmGXRpq6svaoCURsDhYB8Y1s,5000000000
41fca09f4bba706f1ca59ebd601fb5ac18c37b4468cf98fa008a00118d241a68,0,2009-01-14 05:20:33.000000 UTC,1MqArsr33cxhnpYdsjJApjui1BhnzAwihX,5000000000
be4e4a6dda8d5d09a649606bcda395d39b7f674ceea00af7159a49be6047807e,0,2009-01-14 05:28:55.000000 UTC,1tCYRLM1bAjSy2NrBp5HnLKAx5zprtDkT,5000000000
2ff4eef34690b1c8c69aadd0d2ff6d8b5507829a3806e584811d78480aa79dc3,0,2009-01-14 05:47:38.000000 UTC,1KfH6XzoKSXrUBXuxbC3KTtPzoWxdkEEgu,5000000000
9f53223f570d2a5434d3a1b5b2ccb969a312618101f8e1808730f55d97a854e8,0,2009-01-14 05:56:05.000000 UTC,1KB23eADRYbTWdTfVNSC5E14cpUpvyWUpg,5000000000
07e014b69ada903a5fa33f841dacaff680a5cf72f4eca8997484aa35270f1ed7,0,2009-01-14 06:02:22.000000 UTC,1Kh79GzegqX82eX7mffCZbhJAJF8TLZQPW,5000000000
6bff10c43dcc68b5e19eb6da2d57a2237cabe57d0b54f7a1253218d58dcc4664,0,2009-01-14 06:20:25.000000 UTC,1Pk9rU6g8uW1ju1e3vihitv9ub2CZCJ3zP,5000000000
8b32326c4ef9354f21658daf69e03deaae5b7c1109f6feb9fcb26b7bb5226851,0,2009-01-14 06:36:34.000000 UTC,1GFecY3imCXRrEKaR1CwVabKr2RQ8hopSU,5000000000
9534526df583cf138e928ac6abab7a5b756eb7b9f143b2763c635db600626bed,0,2009-01-14 06:43:35.000000 UTC,1LWsDG5tyyRrKg7a8YvmACD34ovxX514aA,5000000000
28b48a417b03e297982e310534950cd2c82e67703cd0040855df9b7902ea2689,0,2009-01-14 06:50:40.000000 UTC,17JBzrMFh3fEjLPzhJtTgf2K22suf1NZiu,5000000000
c46f7272714cc9b84d99795871b3a40e04fe0fcbca4ca1cc890c1724df965252,0,2009-01-14 07:02:13.000000 UTC,17rHN3JsYCe6s4pDhMJdTRaFWMVnjg9MqX,5000000000
614b9dc455514ddc167bac5c089e0e17c49f310c8f58c051816b499049ee9f32,0,2009-01-14 07:21:43.000000 UTC,1237uX8Br59pNQYQFC2TNJZELRedPRHv2d,5000000000
453a04de93a860a6ef92634f57bc44cf20772f720255b1294e29874bfe0555ea,0,2009-01-14 07:27:45.000000 UTC,1MXBQDME7F5wpi64C5fsy2uV741R4VXSwL,5000000000
c1f36c4a5668f1037a23a9730d645f850b357ed1472a798659cac30b07521be6,0,2009-01-14 07:44:52.000000 UTC,1BHFnnytRmeRUSrXBYMwFBfmmjFJfLq23b,5000000000
a28f94fcede8dc3ff5c755d86598e2680b377a772c25049fc62f87684d310e91,0,2009-01-14 08:05:54.000000 UTC,1FLtWAxjubjMwZUTvjXbJWAzR5DTHeqNY5,5000000000
b4afa9db78f78a058378583af3d5d58c054f9550e59e0409283578049ac9e5eb,0,2009-01-14 08:15:24.000000 UTC,1Bqp4myRKwUpdLNGEfbkpgTSmWPksuRrJy,5000000000
d4742a2b7d439bdcf69b447f21b1eb7d5a4fe7d4581fbbb7374fb435e1360808,0,2009-01-14 08:34:01.000000 UTC,13mXNtthQ8WDrNLBCrXDFjMet3qNR6ju6r,5000000000
9bd57fd34e6fb575b09572d9801a2239d95d2608010ece2c8a2abf661a72fde4,0,2009-01-14 08:47:32.000000 UTC,1H1oY6WiGDs8QAzDRPzJJSp5QcXYZz9seK,5000000000
0691617b74805f5ed8b035632972e8ec8871c0a001df458ed38f5f1d16865e26,0,2009-01-14 08:54:37.000000 UTC,1GwVQQemy2L53JHK18Me3s1vX8AhWCNpMD,5000000000
2c84f9d7ace7f1a0b635226a0c2954ecf89cbaf5743f188f69b90082730293af,0,2009-01-14 09:13:14.000000 UTC,1ASLqMDNCacKkLqPi8FzMZqAY3bhw31fu9,5000000000
fd0e8bcfdb6deeca808864c6531e172a777ba0beb10a23265b1b2db089415089,0,2009-01-14 09:28:18.000000 UTC,16DmFboHW7n1v1tryVW6iwbysri4EjoP2A,5000000000
4f70d8fc8f818d29ea962626192f4a7a09a114ce7806db4a3388cf63b7d8cb90,0,2009-01-14 09:44:07.000000 UTC,1KCM12Sh95SZVUUqB1FStBdDoqTjW3vaap,5000000000
3afb973177f5fc9a68036d1bede0cb163487d1fbd5c8973db7a1cbecacc5a714,0,2009-01-14 10:01:40.000000 UTC,1yyUAxXFkeu6D7qYB6mZXfbgAsEkwVAtE,5000000000
f6e79a60ead1a6b74d70e46cea906b46f13f39773a691a3d382ca585000e11ad,0,2009-01-14 10:09:42.000000 UTC,1DJQPkwM2W5QjAHqhst1BCTpmmfRbM79kp,5000000000
3bb1fd25f0276d477e1a19ebc00688a13502658ee0b84e303890dd02c571c8d6,0,2009-01-14 10:26:16.000000 UTC,1N1KmgSEYNshhFRjf2iheMJ4WMCLyje21U,5000000000
8c9296e4ea6bca8ccb401cfc0beaa532407f6100e75f3a4a7d91b3a1bd58c02e,0,2009-01-14 10:42:25.000000 UTC,1KtYxeAG2n6p5LqksxbK9QHUFAPSH4B84m,5000000000
296590fecb1e02811be6c620e6539c57b57bf7184c090ccad4acb42974aca60e,0,2009-01-14 11:01:02.000000 UTC,1NhKHV33D9eUSxru9aHz6TXF7MYJRiibLk,5000000000
ba4a9246d9f4471c59cf51fe4cb597cf1c63a3ddd17c0d8bfde3a6a0610e5699,0,2009-01-14 11:12:29.000000 UTC,16CxHzZU7aXBXvrZzoFmcsPxUYVTLgzbYq,5000000000
331ba5665931e132571f1a337407add0f71f200d8644c5a4e8fec0d4490228ac,0,2009-01-14 11:20:01.000000 UTC,1ESheFnrs4MriUZC9PxAJyWZQkgFJFCkBP,5000000000
d56c79e679b225cbcccdda810c704ddb45d3a956c0ebe2ac318d7954c5f4c24e,0,2009-01-14 11:35:21.000000 UTC,1HkyEYcXKidgRcuNTJRY8hiV3AwZnzpJDY,5000000000
4c8093cf8c6e5404bd4448d98d576c93d7ff0bd51a2d9a679a604e731d33df13,0,2009-01-14 11:47:46.000000 UTC,12r7QnVQXAoFrVsXpEdx22AgMJbzZ5N4Qk,5000000000
e24e056b0d537404157a885d24606d0e6d130d1dd7b5d85dab6603cc7010cdd5,0,2009-01-14 12:01:53.000000 UTC,1CtV9nooWqR8zYbN3PnetnhmkFEZiCWmCP,5000000000
8a2f01266ab585b8ff60e2c7a512cc5c4e6f171985ae7ff5d0c8e3280328b3a9,0,2009-01-14 12:11:59.000000 UTC,1MoroUCvEtQNWhvhhWfRPZ5jK4aPVq1tGf,5000000000
641518afe1f3203694a0ded508b5520f924ecc824c4137195fa7d75d1cb517fe,0,2009-01-14 12:34:45.000000 UTC,1Q7Ach95Kv3eFf5DxTNTsgMxMhBFtJtXuf,5000000000
59bb9a65d1d533803837721e8a028470c3094d0ccdbcd9697af2eb855a1cc183,0,2009-01-14 12:50:05.000000 UTC,1CY5MhHRMwqVDsprEES5AxcMFJFgmDDxab,5000000000
f2d07f94821a46246cc6b948c6b865cb5ef7f3042f861030cb2d717f63012cb8,0,2009-01-14 13:07:39.000000 UTC,1GA2QHegUApHZarxwdBmASgghV4NxKm44g,5000000000
80ec89837a388421e81d912b9e695b7920990dad85956ff5bc484ce82b19db6c,0,2009-01-14 13:25:25.000000 UTC,1EX1E9n3bPA1zGKDV5iHY2MnM7n5tDfnfH,5000000000
cf2cb5e3b40ff2440afc5b6be6b16e180376dc2434c1bb651cc024db1488d1b5,0,2009-01-14 13:36:09.000000 UTC,1CwTYt6geNuY7JSHZijgSzSqtQLm9xZHNW,5000000000
db9f7175c83f7a50a6449f9b1960784067c117c401898bed79da7eafa8ed0e73,0,2009-01-14 13:50:22.000000 UTC,125Rg7ZvmYxeoNeTbU4CaXrVSxbB331KPZ,5000000000
7addbd5badcc73271e3094fb5cdbc864efabd61a91562385493f9a2872fe5345,0,2009-01-14 14:09:47.000000 UTC,1EwdBbkmzxZ6zroa29CHCFtp46PfPXqhjX,5000000000
de977a67fb37491a3b6909aeb137abc9750f469dd2fd7d3ed5838062e883be93,0,2009-01-14 14:18:46.000000 UTC,15Zkm5xRdCYYHkHS1i21PcE9eEsyKdkgWy,5000000000
22fdc90e3eab5e4387095c799e81f9e5791caba5f865954bad77a2c04737e7f7,0,2009-01-14 14:27:54.000000 UTC,1GYrCWTvtWzRJrTxGSAm4hpyFq6KG3Lm4K,5000000000
eff56a0127c9262d388864bbbd7111c5ccb25241491163f876c62b25ba8e5baf,0,2009-01-14 14:33:51.000000 UTC,1Aw8fisqf2eT2kAHJxv9N8yaoNW1iN4HYz,5000000000
060c1c42cd25e8e929d032236478d864a9245e19bed417c0a839b4ae831b83f7,0,2009-01-14 14:43:54.000000 UTC,1MtMCEV9DNwk1Zb212eC4rPATbhg7hWhwU,5000000000
3745d12ead875f761697c23f8571ad8e74b065349864317fece3f96512b160e5,0,2009-01-14 14:50:40.000000 UTC,1AQnZzdZRKGmbDrh55KL1r4C23s8rpS7W8,5000000000
86d0a48fc8aa2e15e761f41193f4be24fccb7527744ef70c2dcf23e7115cc413,0,2009-01-14 15:08:45.000000 UTC,1NSXoRoP8g2uGzUB8YjUKC9uC5ZWP5TH4i,5000000000
f25fcf86e79e68dbc3adb583e50b628e793bfc8ac37141157b9b92afac07ca4a,0,2009-01-14 15:14:52.000000 UTC,1AXEA54dfVmAhz1AnVB8YnDMBLG1eBgp7S,5000000000
d20e7764ed067cec8805443b0817a9948952d94bbaa7770f689925c40bfdcc4a,0,2009-01-14 15:33:33.000000 UTC,1LdhVtZifPXE5TwFNCiEGsWWYoK6WG7VMW,5000000000
33db652c79452f6fdaca7e073eab0319829125e71e5a5e8ccb837091cb788e47,0,2009-01-14 15:48:12.000000 UTC,19eSBrkZJJTAWYExDHEWjECQYAsqe5GVce,5000000000
8def47739d3cedc44c4cb8fa229f81445888eacd062ce31f28cbdf1aab52cba1,0,2009-01-14 15:57:17.000000 UTC,1AeLrEFkpqVGG69octuKxmBuRx8guRgtLQ,5000000000
3f6f06c81e268c6f05e3a2f1bbf22775415653c42491eba360b131de5888ed91,0,2009-01-14 16:13:16.000000 UTC,1LQnVbdfsDFK9WNQBL64yAZ84nVHvYjVP6,5000000000
c14e72a67dabbcae60c8f42d2d52e62888d4a61756a977039fb8cb12193ed8a5,0,2009-01-14 16:23:52.000000 UTC,13FMvP1eY9uVqdmPWVUGDppo4qhVNMJH4W,5000000000
aa8628f83ff173c29006a75e344dc0b1bbad9a3cd02f33343d9a3581ae52f268,0,2009-01-14 16:34:01.000000 UTC,123u92nd75btiFD5qV1W9W14ZADHMVq6kE,5000000000
8cc859fd41a05ede4b46f800042d91194ab0c66677d44bba0cbda61746174ccb,0,2009-01-14 16:41:50.000000 UTC,1J6kVzGhpB3pyv6uG5vjGefLvaK3BbzFs1,5000000000
dd98d02d478e3489fc0e0b48b879239768da395fa015e382ccf71ac821b15a6d,0,2009-01-14 16:55:08.000000 UTC,15JpqundSRrcSjprqcXWk8P2SNTHChUHSL,5000000000
0b545ad147e3d518c538d20d4c1ef574fee3706c0ed52575c43f03c6f20d511a,0,2009-01-14 17:12:37.000000 UTC,17DhxgcJiaiv6MGDGwwzRSryZgcbCj25AR,5000000000
443ff5269a744272769e03fbc0d8db6f2201f1db65c703bf037f4e63f53d889c,0,2009-01-14 17:19:05.000000 UTC,1L43UKxQdX1MtzAwr9k9JaFwLjrCWYNz2u,5000000000
c0a467a775d0923607f2fb3e066f8f93492817da1d4994a0c5b35935f6302757,0,2009-01-14 17:39:37.000000 UTC,1NqWdUe4vTjMkFPUFHkpNvq864WhCv5pqc,5000000000
fac56c7a1ba0252b7e32d792f0f3d16113800175e1dd493923a8bea5f3601596,0,2009-01-14 17:48:25.000000 UTC,1DKufMLSKT2NxzqAokRDLcYrSo44dC3VhB,5000000000
49c28111bd99ecc06a5310d3c84ca6a09684d50bf6057e559d84d78067ec47c3,0,2009-01-14 18:09:48.000000 UTC,1GJ1k9vGtZk4dWWJMVGHKjNSu5frVatZ3P,5000000000
b329818e8d651e98d97ca43c55af62f9eb901141138255978c435b45023fb7e0,0,2009-01-14 18:17:26.000000 UTC,1L5L9Do6BQDg9VEREhhCzQvumJ6Nrk5jEB,5000000000
39ed112558fd501424e3b33bbcbf853ef9f24536ef0f8e6fbad2f5c5098173ad,0,2009-01-14 18:35:31.000000 UTC,1FVJ9qoD9di6cXXi47SUsNN18SLzYMaunP,5000000000
9701619feba0aa1158c4bf7626a3774a050b5b3d3ce51d5156c6eaadc899ed2f,0,2009-01-14 18:48:12.000000 UTC,1FF2ioStNnfFw4K5ijHMQevhZsfKy4jyP6,5000000000
5b24dc42ca0b4e488e90e792b52a32eb5749b3c762cd377ddef24ffa885e5f30,0,2009-01-14 18:49:55.000000 UTC,1JYzcC3FH4LLoZrFsDmhNUZDSqTNua63Gm,5000000000
36292df396be05354a267d3dc8d9895fbac2d88b65122c97ba8e0bd3c2946054,0,2009-01-14 18:56:06.000000 UTC,1LNQBmtWLwwsRS3efnjHQNT617wjrJb9wg,5000000000
491daa5e476f3994cf533fc98bc8235faf36237be41c242eca1568c86f9ec99a,0,2009-01-14 19:06:23.000000 UTC,12FJ9JozCQm11i2YMEEk1n5Keeanpmywr2,5000000000
6d5dc1792e1fae2b0a2f51491ae97da30c477fc8eecd0e1b2d977650d74dbb67,0,2009-01-14 19:24:50.000000 UTC,1LTrdDgoDBbR9vNnZThySd22LqBhfM5czQ,5000000000
baec98f293455fb31e899fb2c5bfd290adc35e37b0083e1af067e781fdf3310c,0,2009-01-14 19:43:07.000000 UTC,1yGHXbKrDRqURLxkQqw83EFE1L6WQvHZY,5000000000
c8b60292a8c72eaf7184bc6ed770076527a5960d0647ae9fe896be0c5a1fb2cc,0,2009-01-14 19:51:06.000000 UTC,1B3gzJRMfzpsTcgxinp7tCP89E4rFhQ6cr,5000000000
fd65bf41342e136824478ff793ec6af047e30300b25e3a5b5e8ba662a9ecf29f,0,2009-01-14 19:56:46.000000 UTC,1fWnu8Lc5TrtFSUpRPqixxFYq614rK3MW,5000000000
1ac8783028a63fa8b36ade0911bb0fb7655c268156c38a439cf1e8f6cfb2c585,0,2009-01-14 20:05:03.000000 UTC,18YQ5cTEYZ6APbmx3nxMERN4ickgzGCr1v,5000000000
d2a17dd46af545946132b7b6107b93f534483d79460c3dd23a26c68b498fe0c4,0,2009-01-14 20:23:16.000000 UTC,1C8eE3ryFJQyg2xaneUPyUYXoWgfBadwSZ,5000000000
a3b0e9e7cddbbe78270fa4182a7675ff00b92872d8df7d14265a2b1e379a9d33,0,2009-01-14 20:40:55.000000 UTC,1BBz9Z15YpELQ4QP5sEKb1SwxkcmPb5TMs,6100000000
77dfc2fe598419b00641c296181a96cf16943697f573480b023b77cce82ada21,0,2009-01-14 20:40:55.000000 UTC,1J58xY6MTsp5r9CwWqVsq8syqxiZxJBAKm,5000000000
5bf65baa0bdda46e32f558cd0172c0ea4b9ab5331f19467333c3c8ad665bf33c,0,2009-01-14 20:51:56.000000 UTC,1G3NQmRCkEq2pwphofF1R7ewtHksEQ8ptf,5000000000
354fba7bef9a8ff42a99b3b5776ba2970bd04efc4c3ec9796b1aaddf485c7808,0,2009-01-14 21:02:56.000000 UTC,1HH9PTNWrdsprWfEAyCYHmsnwYctqvcKmV,5000000000
4276b897239b3f35a0d341ed09f7b8fc33da58ca2a641d82681254ec4efdef43,0,2009-01-14 21:14:40.000000 UTC,1HU7pYWxWVzJ2zEer58ASTyWXQmQymTWRM,5000000000
04857418393e77f8060291bc2faaac30facefbfcd50f1f64df4e2dc2b5f57ecf,0,2009-01-14 21:27:29.000000 UTC,1C1ENNWdkPMyhZ7xTEM4Kwq1FTUifZNCRd,5000000000
996d3bc5ae6e16df53ab73abce81792c8415ae4cf04b148f5a9c79bcb41e21a2,0,2009-01-14 21:46:15.000000 UTC,19bvvHLojfHiVygojh1iX6gokkL3HNa7Pc,5000000000
dbc96d6c55bd74f37ab8d6383ca7b80d9b243297d779ceeabcd1d55fc5cc4a8e,0,2009-01-14 22:04:53.000000 UTC,185qFTbmP3poioBaohmK8FoL4JkTGh1T9p,5000000000
98ad3272d2c9a9ba4ce0a288f6e9dbd18093e9c1688a8652ee8d7ee3efec5c8d,0,2009-01-14 22:23:08.000000 UTC,192xCo6ULYkbbm84H18Coxzc36j4gLyGn6,5000000000
6ff777142752ff06562e95e172c521755756b7045c76b987ded82d8d8b4436b8,0,2009-01-14 22:40:58.000000 UTC,18ZtLGbFXjXG9boB7SPefMgRfnxrSUzNbE,5000000000
a85fa3d831ab6b0305e7ff88d2d4941e25a810d4461635df51490653822071a8,0,2009-01-14 22:54:16.000000 UTC,1QEHawPyyALtoDcXTpQsMNtQCoUswtWRJu,5000000000
887f8213b539413dbf800badd76d0356ed8b2bc2c5d23c8278fe68adfadfdaf5,0,2009-01-14 23:12:04.000000 UTC,1v7KrV1wTuoGqYZEEHzP4KqC4mSBVwLGr,5000000000
6cbc46177c0501f9eb799517a41d567856e9153378972fba4cecdeee0913c85f,0,2009-01-14 23:19:29.000000 UTC,1ML9hbUcWvoBgMJi6SzMiseq4xG281Ub3y,5000000000
58cd41b9ab6ef3c2daf1314392115f3ec60a40bfbd021648377fa70b859dc506,0,2009-01-14 23:25:47.000000 UTC,18GQYzobd6b8uhw3rBBCJybmpAFJG4HwNi,5000000000
6da8ff544be18224705db9dc0156c47d52d05f104986369a9b9d50959c4c8171,0,2009-01-14 23:42:27.000000 UTC,121dXKrMFUJsMvbHt19YdLorKyYbmZpj15,5000000000
d9df26d62a3ce4855f3282462ba5581b23dc51ca3595de810115c0e7176722d3,0,2009-01-14 23:51:12.000000 UTC,14fQ9wqBkfNRCMACBVUJqDiKtEdhen2D1A,5000000000
feefc021e27b0df4c49166cb736748a9b964afbd566e40f5783c906309473f48,0,2009-01-15 00:10:02.000000 UTC,15m4Rc72NaXG8G3JTwfi7hSQPAv5ZiFTv7,5000000000
e5896c93c4c70da1d605142231b54babe359edf196beef06fff026a87a67efcc,0,2009-01-15 00:26:30.000000 UTC,1FNBav7Cwzr1qh53MjHR9kDDyrpi3qLZMJ,5000000000
6a0cfec3af78e3365004d12f10ac35b6d7e87bcc3730be3d0b80e89fa3ceb6f5,0,2009-01-15 00:32:39.000000 UTC,1CpKJgZtTj1LRHav9Kaz6rbHdVK7Uu4PHA,5000000000
be0d66ff141aae1d4787b40c99f1f36ea717fd293b240feb001c32e8fb48ceb7,0,2009-01-15 00:51:19.000000 UTC,12PxCUgj1bLy2pR6M9aTVWf8RNC7Lxf2DR,5000000000
97deeef87d40204aaa406dc31ff3e051ae85eadb144e3820dbda2a9106bd084d,0,2009-01-15 01:10:16.000000 UTC,16SbXsKy6R7UroZr8ANFhKbNCrBjYFj73C,5000000000
156513330d84f34e4d45a5059872cf1b842bc7c42693e4e13daf0763b9c02e57,0,2009-01-15 01:19:19.000000 UTC,1JFbeQ4Bf8spHq8gYWznsv7Ut83kjrVTLn,5000000000
246ca5a606d85731d2df876af8624f89c05fdb45d07d5aa106ec28920a77f358,0,2009-01-15 01:30:47.000000 UTC,12ztBPA1XxLirax9GQaWdJ8ecFrmSd8JGt,5000000000
5f2619474282ce60491d61026fe5a87c985be35774723b1b91cc19d331db59eb,0,2009-01-15 01:38:33.000000 UTC,1AQsCqKkX9beBZdjMeQxxoMBNTpPGZkQyZ,5000000000
d71fd2f64c0b34465b7518d240c00e83f6a5b10138a7079d1252858fe7e6b577,1,2009-01-15 01:46:26.000000 UTC,1Jhk2DHosaaZx1E4CbnTGcKM7FC88YHYv9,2500000000
52c81ac33227ec10664ba42b9869fcbb2ba74310e7df9ea972780ac04357d029,0,2009-01-15 01:46:26.000000 UTC,1EZ32tKEP5WaNTDWX94ZLfke6H7BjUuYXk,5000000000
1dbbaa8018f395543ffa7d6efbed0e5fa0a5b139f7d1bbabedc10c321b9ab64a,0,2009-01-15 02:03:16.000000 UTC,1EAMErQuzRm4mufKGDEkZzsK9gCvGH5Lmk,5000000000
6de985374daa7c0e165325d8a1d28173bcd50a89e4146f1c4f835699a77e0ebf,0,2009-01-15 02:14:05.000000 UTC,15nagDkhsd7gJphsahnGkZ5Mhnzg6S1miM,5000000000
93cf438aeeea91177da3736dc9939ed59e73a05b5ebb0ffc5ce326d0336ff5fd,0,2009-01-15 02:21:19.000000 UTC,1NY3Pr8EYgy74K5DwQCYkKsE4dYNeiGUGg,5000000000
3001cba440bde20f6b65437f5e9feb7e55d306b8e7b28d9fa27d7f44ffd66e2b,0,2009-01-15 02:37:08.000000 UTC,1CPMdzmgYGH14QQQxNrnyuPipj3RPUqFTX,5000000000
1c914135ea7443721a5c2c360b83f0f8e165fc7743292f9ffa98994f2c2ed64d,0,2009-01-15 02:55:41.000000 UTC,1BJB7rF8EMZxNKp3sKgBmk8rJt1vAkcauy,5000000000
6a88880a33d8b5915704f921583189270381f85eae48087f7790aca5f291bfb2,0,2009-01-15 03:10:40.000000 UTC,1LPTq6DKLLTcqm2mYY5s5HdcWrJmuNZvhd,5000000000
54a88c0fb7e8879452acdbf9318120361189ca36154f14322a4b6dc127018906,0,2009-01-15 03:16:38.000000 UTC,16n5Zk9SquiPU5xoTn6UBbCkuophZsHLjf,5000000000
30a915d2818deb5aabd7d6c337ee152f572043354979bacc1306e40cbdaa77e3,0,2009-01-15 03:24:12.000000 UTC,17ysQmqZCWb4WMCXueWfQ7LK9W53GELp9s,5000000000
ffeb626a814334761798b3c6057d0952926be129c01778ad650829640522d3eb,0,2009-01-15 03:44:51.000000 UTC,1zL84Kf5T6KKQwTCWZiVoo9GSV57ChdUt,5000000000
15b81bd56b6ce291682bd5d9fbe01e7a75b8228c2e3902cc87b40e16b06505d1,0,2009-01-15 03:55:24.000000 UTC,1GwH55QhMxcrwZPWz4Akp3tcK6vxeqg2uH,5000000000
3e87afa83283b05eb50dd5a6a124501ce784265022906c3245e2646396180236,0,2009-01-15 04:09:06.000000 UTC,19csQY2yX56fGx7DejBvrHdtG2JAPPyndF,5000000000
0b9557c218e3d6377acbfcc056b7562213c9d71e0b43059edf88b424ee880465,0,2009-01-15 04:15:12.000000 UTC,1LU2SdeHZvmy9YChmFMXymwcGNk9HZFgGD,5000000000
47059b8be91745149780c92861e30c3d1818fb7d0e3be03487aaa251ed9ddc47,0,2009-01-15 04:32:34.000000 UTC,19aFevdZpk6pU21zn8cA4J3MtkaSugH8pi,5000000000
40a6e22c4aad609b30e35b4dab23c7aad1b8e8b52e9e409b281c774d1ebeb689,0,2009-01-15 04:46:34.000000 UTC,1DSmz1bDPfeJo9EqxSux9eiS3r2edD77x1,5000000000
0fbd859f087df38c6dfd5ae638be50a1b93fe210fcf50b3aceb324b3971e0340,0,2009-01-15 04:55:28.000000 UTC,1PsEZNrXUTcHVEDVHxFFAQkpNxiQwcgdzn,5000000000
5571d2f1532ce3e747f8843bfa92418ae3ebac6865769126814ca5ea36f12798,0,2009-01-15 05:04:20.000000 UTC,14h26qnXiqdy9FxPLp3dXsmcon7d14Mdap,5000000000
47b270ab93cb81c8f47650fe0fc609d88a188a83440b7c6e9d0441b733a4b0ed,0,2009-01-15 05:17:32.000000 UTC,16uLRKbrL7udQtcDAUk2i5e4tVu2T8Xybo,5000000000
d41f1bcc2abb66d3e2fe055df8064ccf36f07efa1d574de1427cc8751a3398e3,0,2009-01-15 05:29:09.000000 UTC,1EpKBvfZa3W6e4o56B5NQdckzZHM34RfgJ,5000000000
c3dbd09da393e0f511c20d40bb61250f6f1e6415b80b294c0f8e3aa4c6e798db,0,2009-01-15 05:48:32.000000 UTC,15kKY1Tx3e5Qt52ZeZVm1bZKzrMRD11tGc,5000000000
e980fe9f792d014e73b95203dc1335c5f9ce19ac537a419e6df5b47aecb93b70,0,2009-01-15 06:08:20.000000 UTC,13ZZm14ed78RHeEiqHMdLrCTDv928MvZEd,5000000000
bcf9cb402ec6a52f24f0bad81893163c391bda5d14e2598c36ce8537384c90d2,0,2009-01-15 06:18:50.000000 UTC,17VDMXuQQJbwZWpep9LsGwEZxPbASwJzz2,5000000000
e9272bef588f2cc5ff34e24219c2cb3a3d765373833c29c65f0d797e7e5e3b5f,0,2009-01-15 06:31:27.000000 UTC,1A2z5cLAov1zFRxYT1wzH2S2oJHRDjCXwj,5000000000
ae77be691d4ebd8d5f1d70242b25b38d4f1ebfdd192d7eb09886601242124969,0,2009-01-15 06:50:35.000000 UTC,1BGrykyYrvtKKLoTbqq5wYLHj6jZyNU68R,5000000000
7fa84e1ae4fcb07cc1e74375d5023caeaffbfc86efef7fc7fb0863296b5e54ae,0,2009-01-15 06:56:21.000000 UTC,1En2fxX9JAdnY7DGBH38Zu6F4Pkji9tESf,5000000000
75d2e46a7ad72b09e5dfb4c445411c2b445fb65f05907800871682188387b135,0,2009-01-15 07:10:53.000000 UTC,1M6M6suG2YbBbC2hZHmd3YYt1PUPLPhGET,5000000000
0b4330db1c2771843232e0455da71f530335dfa4fb282834f376f2d407d88413,0,2009-01-15 07:22:02.000000 UTC,1NG8HpU6By7H65YpQdyjCm4uKbRn64QYwJ,5000000000
ad2aba5436fafbde53bb31735f887120b2f9a03d6121df470f87a4ea44d55bd6,0,2009-01-15 07:44:22.000000 UTC,1DRSV7wiZJ2aBNt8TxBDaeVSSHPMVNhPU6,5000000000
f7818861e4e525fc3d19e54441c9ba6283cef3bb801ed9884641763cead55935,0,2009-01-15 07:59:45.000000 UTC,1LHieg5bQLrsMA5cGoFsbtcRuUdYEWLhkx,5000000000
3d63ed24652993ad034b396961c1fb4fcf7a798efb6b3a5c3b7afa427e89deb0,0,2009-01-15 08:11:59.000000 UTC,1HcDFx1QWiJYRZ7879NZcBzYLxs5cvU4Ty,5000000000
a84c57b17fb767870a708f336e1cbf95582ad0fde26ec10195f82189295d073f,0,2009-01-15 08:28:44.000000 UTC,1Hv998se6C8syWwyULoetXPp6t6XYTmuZg,5000000000
a6cf97034eb09a9d47620c89d9823097aa31000e8d43593f4d24e4ee76c33ba0,0,2009-01-15 08:37:02.000000 UTC,1BoUcd4qeN9CJfdbueKQK4KnVYtVs7RV47,5000000000
7146f458cfbf7680aa20bdc976a72c303d74b41e61b18deb6270278508d18fa8,0,2009-01-15 08:48:12.000000 UTC,1BGvw4wZ969fncnyG5pZKYFqa5GD9FS9Cm,5000000000
b1eec924ded059de5aee1609a1d66942eefcac471cc6321b55507ef70e4692b5,0,2009-01-15 09:04:40.000000 UTC,16nsQ2sBRoCY87jHQ5CzrsqHAfyWDS4KRK,5000000000
932dc26717cf4f80d68dae031851836d53a600e1d2f12bf1e4f43ce272d3ef81,0,2009-01-15 09:14:34.000000 UTC,1PcxeABFjfBAUvFXatm5yP6S6e9uGkrASw,5000000000
b3e9c6ac89e67b0bc4a48f42fbe0127927c4568077a1a5fb48a0acd150857167,0,2009-01-15 09:32:35.000000 UTC,1P8kXAU4m9esup5cAbkwSJvZ6PohDR4dyW,5000000000
88fd27354b307990dd5faf0ac8d95a62c0f35941856338a6ec93522d33e60384,0,2009-01-15 09:41:00.000000 UTC,1KY4KrZWU5BYddeTuGTyWCJV34quoyPZUY,5000000000
ba0a12bf028d0993ba3c7f5f66484227d381f8933276508d065afc1940ce36cc,0,2009-01-15 09:59:20.000000 UTC,13rQ3QfPXE213Tuc7jmi9znoh77QUUhB5V,5000000000
6cec9aca315f491c42c5ae9d838ea4202f10863eb08c87613b446e9eff643ca2,0,2009-01-15 10:16:35.000000 UTC,1JB1XBzjLitVPQ8QVU5wzjPwsPUBneynWX,5000000000
37f151c4408b422d5e206176c5aac3d2d6521dfe1c11fb1099c440db59e3d679,0,2009-01-15 10:30:50.000000 UTC,16AZZq2A6AganQvdUoTjQBZvmHh8fu2Avv,5000000000
64e47ba6bbd9021d25d4cc176609d169af540966a779e3f773c7f40fccd2283b,0,2009-01-15 10:36:02.000000 UTC,15at2tpirnt7tt413o9qUMGgsEBD3oyARB,5000000000
d4ff7ec48c3490818b87ce80ad0c72a9ca8f43412190725dffae9016967a4d02,0,2009-01-15 10:50:48.000000 UTC,1Po1S45pJZKJTsBgzRU8jdGgL3rp1skGM6,5000000000
f79475666d353611726c4c17090fe6fd883a6860ef0edbc8fceffeea1b8660dc,0,2009-01-15 10:57:14.000000 UTC,1BUmUdjE7WebwnbymwUpKjL8dGir42ysub,5000000000
468c9b63d34b1d662715b47644cb24c04964ed27620bbf284b0fbbf95077b7eb,0,2009-01-15 11:16:57.000000 UTC,1GyW1PDNEMuT5QgiiyKGSZeS43yWcfju71,5000000000
66abb33619ed5473434960d89a201a9f15e68ddeea426092699b5d20372dfed6,0,2009-01-15 11:26:21.000000 UTC,1G5Fa6WPTmeCZ8Z4o5sbCGR5NNAYsb1m2o,5000000000
95e49ffefb73007f90cb96aeadcd0ed9ae456380223aa34445055314c1d60f55,0,2009-01-15 11:32:24.000000 UTC,17FR5FgMDbZAtoghapcKfYW23sruRGcX2v,5000000000
40c1585c90e2081d6e14e60952c16258b3ae2fed204d0879fda052572d03c705,0,2009-01-15 11:51:43.000000 UTC,1NijuGt6TXMXy89orQVrvbXkA43wmj45oL,5000000000
fae34be444ca4f7d1e3c95bff991fc919daf261cf1fad6aae75b5750ca9c208c,0,2009-01-15 12:12:45.000000 UTC,1AdW2E1gCB4teSjdDhx5M6HUbvwdeHJNNg,5000000000
307a857d68f4cc92a363d86a1e47d1a3343a4d4e61a48a245337811b696e7ca9,0,2009-01-15 12:28:41.000000 UTC,1Jq943wZrTVVuBztgxZ1Xd3NCyKXzPTPmX,5000000000
da51ca935176551082fe7f51f5d05fe8019df19f108de387767ae509293018cf,0,2009-01-15 12:41:58.000000 UTC,1GGWbaXJskxYasdVTvLJsUDD6s99uBDkGr,5000000000
bd9b02d1db874049772cc6fceeb73b67cdb99774844ba4d4ed4bbe7fa1584940,0,2009-01-15 12:53:37.000000 UTC,1M2mT95u45mmzUZNZXgLdCaY5yDKyWfQsn,5000000000
355d10bb7aff8e7875c93776e391cd1530e5321f8b39451aa09670c1f1fea07c,0,2009-01-15 13:02:41.000000 UTC,19y4Ghcu9AweFp2UkctMDxwWfKyJciaLVo,5000000000
29fa20fc18efdf02526af9c9629b5cca4ff848dc81c77fd8c4226d3e6be05175,0,2009-01-15 13:16:14.000000 UTC,18qWY9K2eVKwcHV6PfzY6V6mRY1RT5kiUq,5000000000
7bac4421dd77a9bc5801c8b6dff3525a7f6b0e518ffd0509fe90d40ae8893d31,0,2009-01-15 13:34:05.000000 UTC,1MgAgG2DRrEzFp4zTkxCwWDyz4QhvCV8WQ,5000000000
d44e1778b8229c6aa8425ad8f4ee2e5f6a45836d0b6184893d98426cce55ee90,0,2009-01-15 13:52:46.000000 UTC,1GRfT1z1QutKirTVhMHbbpMgxUrxNejTv6,5000000000
b297f594e4da9c1d763c955b10f1b0b366419fb7285ea8acb0d3e322db7087db,0,2009-01-15 14:06:45.000000 UTC,1L39eXNVz2WYrj4VBCkiwUafffs7rQ3gxq,5000000000
4d6edbeb62735d45ff1565385a8b0045f066055c9425e21540ea7a8060f08bf2,0,2009-01-15 14:25:20.000000 UTC,19QKDUJtx9n7Vaga6nX1bVHdsnT4Khfyi6,25000000000
6bf363548b08aa8761e278be802a2d84b8e40daefe8150f9af7dd7b65a0de49f,0,2009-01-15 14:25:20.000000 UTC,1QKJnFPvRoZ7avBhxqwxhsEv62JWYoB1R9,5000000000
d45724bacd1480b0c94d363ebf59f844fb54e60cdfda0cd38ef67154e9d0bc43,0,2009-01-15 14:25:20.000000 UTC,1LZaMRQVdtHnrSGBVqdeaB1QfAdqFkXxoD,5000000000
c67b72006b0f663c53f3355fd420ad96cffcb72896e9115edc6f7c1b38174c9e,0,2009-01-15 14:39:14.000000 UTC,14vLeRwKbYrgZj2oNtXfTsygHguKZVbaKG,5000000000
4093d275ba3d11d9a8daa6c79a5d73c352aac4cbeafeed2c224fba1c4849950f,0,2009-01-15 14:54:25.000000 UTC,18f9MK9ea4agsZP6P2Dh4uCuyT64qZs4h3,5000000000
374d0815726b8c77ff5a80c69892c09b2560c14b377c2c0f270b0aeb4741c869,0,2009-01-15 15:13:36.000000 UTC,1BFCFAkFeqp3LY5K5iq19dkcL8Zqe8jUEU,5000000000
3716669040f2e8f77eb46581d6e4c03db432e9ad9f8a6db0da4b304cdf7cd022,0,2009-01-15 15:22:11.000000 UTC,1KXPk7yJ1sueX2RaN8RAMYUzFVhM5FgDMu,5000000000
008a45346f7056ddfc978d41bcc05540602d20bbfc8fec289175078652c161b0,0,2009-01-15 15:37:38.000000 UTC,12k9bov2grZLs7BjAogBDtDG331R9d3aA7,5000000000
8b3e3337952cbd2dac159723c972954efb02c05b9c583a081a1e11ed8e861ae4,0,2009-01-15 15:51:56.000000 UTC,1PSPvNhG2pTjN15x2DzZZWs2UG53AVNdQi,5000000000
03c0e992ccfdba57aae234fd989552c6b6742c65a10b3f879959fdd19151232d,0,2009-01-15 16:04:23.000000 UTC,19RxKcnMuA1BM2aJvEMdR2kGpMzWWZZsgG,5000000000
4df3768c2441a3d1e21e7243ca170d9b5b6084de9c122f72cc3854ea62988310,0,2009-01-15 16:18:44.000000 UTC,1BJZGrAk4sNsfdjzi1CkhzszdJ1VdHhnEb,5000000000
441a801f95495d5460b5d0c1e16cbe9fa49a5c5df6d1b309049ab63a38e6a856,0,2009-01-15 16:26:30.000000 UTC,168usSBH4Hav5ivkQ2gYeDd8w6sJsd92zd,5000000000
5155aef0cb328d97ba9ce4f9e8a184af57492f071707b8a525a98ded5504a691,0,2009-01-15 16:47:10.000000 UTC,1E3feToXHPKwNcJoNE9ubJRGs9xfAaAphk,5000000000
81716c5ceae049e099a09e40915d6488c691b6e0b736069d2337e075f6d32c4e,0,2009-01-15 16:59:07.000000 UTC,19Cyr9njynqZb6myzbwdAaxA6mskceYVpy,5000000000
7eacb4a7417f13315e0cd548b54b2c3a57605e930b55a7e385bd8aff35b20229,0,2009-01-15 17:07:27.000000 UTC,14miac6nnm9FWyew3CqG995ysHPSKfoXYP,5000000000
50e8da79b6aaf9101667a3e13358c712eee61d565a887ff3c5e00b922b88f070,0,2009-01-15 17:25:12.000000 UTC,19nXzXNEDP7ssJgCSqXFYYzuAc2CYz2twt,5000000000
d490c711a13544f7df1d365f90cce8004413866d8b1e20939a5c572551e54412,0,2009-01-15 17:41:54.000000 UTC,1HBqzqCy5MeLsPx8FhW6BRqRKmj4zRUiuk,5000000000
19ee92fcacc7fca48de4939d200af79d1e52dd9fa5a376e91c2484a756264e3e,0,2009-01-15 17:42:24.000000 UTC,1NsA4Q8K6QPe6E5EobvBxf4BaMZ2fwVZFq,5000000000
b2c6bf5c6a747f3ec83562ad93d60e1c3c3082be8ed59ccf389b9c5199acc0c4,0,2009-01-15 17:48:40.000000 UTC,13YTbt4GVaTcXHv2UwxBeuwyUdj167rJuo,5000000000
7e058c284462571cfc08c5d11a4abcc8d17a5a0e2425f14232c993e163140a09,0,2009-01-15 17:57:20.000000 UTC,13R9dj39ijnsgi2bsA4SeYjZ3puzHktgXK,5000000000
783ea52b3255b0bffcb951670bb5d57534e2b327c8854b28df7244fe23af7e34,0,2009-01-15 18:10:26.000000 UTC,17fQb5SJwU94hCqanPNWjEujW57VhJs8ov,5000000000
0b1266e3eb3f7f64c92870d42aad1db213195ab70b3ec1bf2a97177ff04f0c9a,0,2009-01-15 18:15:49.000000 UTC,1ENzrt6iRvig1cfiEFcbjicLJTDVKtp6bv,5000000000
3c996f03b760cfee63805e1e0f1776316b2ea9bc9f06476f7655d51c68dc4841,0,2009-01-15 18:27:19.000000 UTC,1J2doT6ThmVDRGqzw2cY9jpqpQRXHPJjaL,5000000000
456410c6886b0238a4b40c59743d581bede61b7dd82f10cba6ffa380491c0047,0,2009-01-15 18:36:34.000000 UTC,1Q9mRwUXWbDRiq5LhNiXhf9cXeZcCQYVTE,5000000000
fc8c44b8bc7fbea03302bc50eddf714d863c692fd2b3189ba7d089d0f813409e,0,2009-01-15 18:48:33.000000 UTC,1BgjV8ERwsPWUzq3p8xXLekUixBCeVDo9w,5000000000
9a7e42be64604ac8f9922c8d131485b6973003a4056921b5644714065c805b1d,0,2009-01-15 18:49:32.000000 UTC,1DLSFuLg618BrEW1S84XJ8nVjKz97PkeJX,5000000000
1b530f57a052db3a8a0987630ee2fe6643e9ae04302844ec91ff3580c52d671d,0,2009-01-15 19:04:50.000000 UTC,16V5j39diPbwaiwmyfaAWjjxvWLZGLxzma,5000000000
787a0ed2a93932c5a30687b50d9d1b4a5de011cb23b5eb2194a642a1506c8119,0,2009-01-15 19:13:59.000000 UTC,1CwqXoCjLehkgeEQH6Bauv7bDRKZKZBvci,5000000000
f599f86843596f66a10ab83fd78de517758a95fd84c99c6439d448a312457d5b,0,2009-01-15 19:23:38.000000 UTC,1Ad7UKxJFaaEw95Aq5bs1Nkk9xRncsMedy,5000000000
5812de6f77fcc6c89c2eff87cfff92bb30f0a0d1a828bda5c5f6973c388085fe,0,2009-01-15 19:39:17.000000 UTC,12hytc22r89qWqXziWPRKfNhbvrNyoPZC7,5000000000
306837de6eea47b1a9ff1edeb4a30aa9a4718a2e49fefa097576910af7ba3406,0,2009-01-15 19:52:19.000000 UTC,1Q2WuR4re9TdtSrz4dRVFH7exrraCpAAoE,5000000000
258dd358083ebcce80d25acdee99031d3ac5d968096ae6fa922b574b4b029029,0,2009-01-15 20:09:00.000000 UTC,1MxcQs2cmmwYV4DenJVN8FXuQfkEbmU4GK,5000000000
c22322e177db3d1687ec232688e85448a3ce812a4a5f957822eccbc73088b58a,0,2009-01-15 20:15:37.000000 UTC,1E3ENaJ5UiVWHyzHvDa3jpnj1RUaKgdF4T,5000000000
083a5b93aa0dae570903ffb67451440c6efc9effd076ca9d7ec61499a7225b01,0,2009-01-15 20:23:21.000000 UTC,14kgv4or54hE78ooN2rUF2M7ZcsoUzNLfo,5000000000
7439541b9f831082d7a9de2586e52edeedca81735764001d116c2a61bebae135,0,2009-01-15 20:36:37.000000 UTC,18AxSTPQBiyYSWXkEXSRcW8faTTgmm3fE2,5000000000
4a1c9e5404dd08f932998be36ec7ad9878b03504212e2a0771373bcdbcae07ac,0,2009-01-15 20:52:42.000000 UTC,1BhfkBeM5SMYFXchjqcre6o72pZyHvhMBo,5000000000
f1f5a1e79ad6153dc18c169ff94483e817bf89df2ba158a77492016ed9916157,0,2009-01-15 21:01:01.000000 UTC,1Cc2FfUZSH8XigKurJWKcq9BGneeN9FZys,5000000000
7e802533ced473ab6379393e99efeddffe2b932bb2b126624083e8a7c8de4d6b,0,2009-01-15 21:16:14.000000 UTC,1BVUWKJFvfnPmi8uG54cFX8JimvXcCKidP,5000000000
e1939d77490aced40d5e6223023c05dc701e654d069a20fe269ebd435123f13f,0,2009-01-15 21:29:59.000000 UTC,1N23n2gPSfXCT3945sV2sxvBJz5fePWeqd,5000000000
b123e029dfc7ef75f1ee2e673bd294f5f00941af6bcf066db41b30999ddd6e93,0,2009-01-15 21:41:43.000000 UTC,1AgjGsKSYCsgFnFbkcy6v2Ck57jsYQcHYx,5000000000
5465da8f17a7ff8dc2e381faef3b36515efce1d72917463f66b43c5522b31d17,0,2009-01-15 21:54:38.000000 UTC,1G5y6irNL5SYNhDv7Q7zybKco5nbUNrFHn,5000000000
ab7895105c01cb3ed295262395494461b59bda798d0cd380192f98a0e74a4e05,0,2009-01-15 22:07:30.000000 UTC,19gsNk9tYsWDHDVuYhqSbinkQB3hbdQFpq,5000000000
6e56c9b6db17927e5965e36e1e61252a4e393555886ed747b96401f1fec4a53f,0,2009-01-15 22:17:15.000000 UTC,1LZ2Equmc5kKuC7wmh9QxyyNXpJ4mcpVUs,5000000000
336e7ed6974b3a7311183c17ad195d99b9a67c0be8e39c0d07cdf7f692b4ae68,0,2009-01-15 22:23:36.000000 UTC,1ALXNPRuNtkUHPSKzHek5EsBS373yW4H1E,5000000000
0a6353fb131ec8102dce4356b979f99ae4a532bab929999970fe9b6478a2c228,0,2009-01-15 22:26:47.000000 UTC,1CEKfZS6xqTadHmdfXKELeLCDMmwDkuNMe,5000000000
9f2953a6e6896056108367d87b2e28309b1b5ccd053a1109319a0b1962a01ad4,0,2009-01-15 22:39:31.000000 UTC,1NoymUA8XQPgVXLGAYpTTMGtNcbgobgMPA,5000000000
3559564682c53f13db90079f3afc0f54cc6c7a81ad1fa5688e17ba21d6296345,0,2009-01-15 22:57:28.000000 UTC,18rJWTy2wFn3Abo2J1MwgAWQkQtxgnstFY,5000000000
2150a2a7e5d04a3aa83a2dab18c9056ec80937bf7e71ef1d422e5bb2530f25e6,0,2009-01-15 23:07:45.000000 UTC,1EBiADdZtR4oFuoGHXAdjiq582FamcnhgW,5000000000
a24cb94775ab64789f4a3fa31fb436b14ff1d6d825155c3f8801ea3ecc213dc1,0,2009-01-15 23:17:42.000000 UTC,1C41aQvrJLmtN4RBhPMFiDPdaBj1b3cv6N,5000000000
cb082e975e3b39b1564f3d063aa3a70fb057886f2b62e98f146cecb67de56cb6,0,2009-01-15 23:31:17.000000 UTC,1CnVM2ASL9wLq1jwf6HyrbWgDdHmuUCAuk,5000000000
0ae846d06e9d3c453c567e9381779717e9c8363fe96f67fd6d59e550be8909ac,0,2009-01-15 23:44:04.000000 UTC,1NCjd9VqpPrVvu4CvM6wjLqxidVGKx9E8S,5000000000
8ce144c09da2e66a94f475cbebda39c5c0cb49d306c2d180fc96841796efbcdc,0,2009-01-16 00:00:28.000000 UTC,1LZaCLKvN2XAc6K9vkDAbA8XZitRo97yuu,5000000000
b10711e0f39d6f8a3638a099d28fb70ec1c59a318b026e341ef91260982f2dcd,0,2009-01-16 00:08:07.000000 UTC,13QLhuRNGX7Jczs3Sq4H3Hoj1fUtWF6EVt,5000000000
a0ede25bc0c0ca5ebc51f69d554782e57238d9915b27f82bec804da789bcafd9,0,2009-01-16 00:16:25.000000 UTC,1PXUqyhwwUABEN2z2AyJo9Kej33AF8LvxW,5000000000
8194397336013be4770343e5c93455abedbe324666fd767c9f31102f7af69f24,0,2009-01-16 00:21:51.000000 UTC,13CZVnvXMjj97Nes8b8bkvEPNRduK9R2FA,5000000000
a3544056c39be22b84099b599788fd8132300999a2783c80af472075c234f912,0,2009-01-16 00:27:28.000000 UTC,18QBVVBWHQq8v6Ca2YSbEcEhS2KRsWQpWZ,5000000000
c10bdd9d0599fbe6e36653ec09176cac83c6e499a55592ac62f0153a4f9663d8,0,2009-01-16 00:35:37.000000 UTC,1Gi2GE1zmL9oh44kfDgBsSVrAfH4yifJzT,5000000000
03cb96900693a9de9ed63e9b40efa54d5717f8c94607c9c875f545a9f5517b05,0,2009-01-16 00:43:48.000000 UTC,1NT9PgQjMb6d7QjgQJKq5RmmJujEnStT6A,5000000000
e2ce11cfe4162d88347262841e9cb5f1fa2fa6abd8f9a26d4d91d85e9ef4726f,0,2009-01-16 01:03:36.000000 UTC,179oK2qK7e52BZsRRHmyfFAXP2Tkkn2Zrp,5000000000
ea6195b5f73da179261ff356536dcf8db78096bc5c1e048d071e52121d49c57b,0,2009-01-16 01:17:14.000000 UTC,1QJ1uJTiJqWtbZX64nxT3Wmh5ExVrY4y3F,5000000000
81b436dd80442ed552e36c5e02f75862404ea2e5db591ef2ba02362ada9647ad,0,2009-01-16 01:30:43.000000 UTC,1LcKE8oCKP668wukHAvTYyGWtFXA3RPard,5000000000
3701062be62913c74ecc3095e70736891ee3e5714af53718daf56ed436c30a87,0,2009-01-16 01:48:00.000000 UTC,1GzuqD4Lc1ShZ2NSSRJk2cDhfsdNx1iZzR,5000000000
7f49a5f3366bbeb8b66658df0dd7330fe289c12d09761816f2a946eaba267add,0,2009-01-16 01:54:40.000000 UTC,1H3bAkRohuVeJrJ8zyViop4rW4v1JN2Ee9,5000000000
5889a7f8bbdaaad6bef9d568a27a430d4eb60750f9ef94fcffbba49581578b77,0,2009-01-16 02:09:21.000000 UTC,1kJiZDVzv9n8GwiYoPUG8w82P43NhK8CD,5000000000
fcb021cb0a02ed5032b97ef2db5e66c67c38285956dab5294baf14078c0568e9,0,2009-01-16 02:14:53.000000 UTC,1PjPzeprKwrT25AMGEEKWirpbZupk1aHSo,5000000000
3b8ab8eab401025167574ef585c2135d6f54dde547d75307674aa854bbc8c668,0,2009-01-16 02:26:52.000000 UTC,1Gx9f19Vzm7hdcZwf36iYdKhR57voQU3j1,5000000000
3f48ddd137f019fddc607b2368c8231b6cae3184df5f9a2ea44c60eda58b8395,0,2009-01-16 02:43:35.000000 UTC,1ELnjbTsUWVZFp2rwAXPJs6hxdC7wG99i9,5000000000
c7d09da78dbb9333ac16aae5ff267a7726b5c07867bf1cf20b6183415096dde3,0,2009-01-16 02:49:07.000000 UTC,12VXhZdAFojTg6Qz9am9LgghA8eYYiyqK1,5000000000
f31ea902c012f14f741c318dca15af3b53c3bda9bec5cfef89f61a631b79407f,0,2009-01-16 02:57:53.000000 UTC,1PsUpBKZJeMkWJcQP1P3ficpVh3XxCzL3o,5000000000
df64e385f1c0d40d81b54766478ccfb4256aa7b1773c69887e89bbe06844dfc3,0,2009-01-16 03:09:20.000000 UTC,1HuNwnDbDbmoYvjz6nwC9U4kwBneFE5ksP,5000000000
96755abe3584acfec3b57ff50da44ec68482fd5635a906958869cf24134abd63,0,2009-01-16 03:35:11.000000 UTC,113pDtuGGMmKRkHS63UdsMNAQDHT7qcQEc,5000000000
d4713853a31daeebd0d7582dc1b033b039db62183446e4d0149098300222d470,0,2009-01-16 03:52:45.000000 UTC,14c5uQYWBFPfwwRpmMud8GGj7tFAfC7fE5,5000000000
190ec0e9cb1c15b84824f0bdc7c5f2cf94e8186b5f58d4d8c2cbc0d7835d46df,0,2009-01-16 03:59:56.000000 UTC,1EYBpXxX6o2p6EyH4ghzNGiVV3yN75C3St,5000000000
d733e2195bd854e28baa1d0bf2551184e1dbcd96e1b71eb2e90400733723d2be,0,2009-01-16 04:00:58.000000 UTC,16koVUpQrVr8ZotUr9g3RQ7AgWNuwpYVws,5000000000
f0fd0c7dcd26c837e55d4bb07638a10c1a33bcbf6f968101d909917fc01dc3b0,0,2009-01-16 04:19:58.000000 UTC,181ErC1SkXTZpeeZFp1aeybbxRzkMBqK4C,5000000000
5c1d92e7aeaf5c1b79586f44fbd9ba5199f0ccd25aa99ec09fe2e7ecc8f380f9,0,2009-01-16 04:36:51.000000 UTC,1H4tA2CMhCQoVUMGvHSgnGZRCzHwfz6ogq,5000000000
1415e98024ffc168fa4d78cc82534e96ce473adaae18134782a0a82984954975,0,2009-01-16 04:52:22.000000 UTC,1NGoEojNPxaecxfcY5Dsj5S6fMhuWcsJRL,5000000000
7242b388acbc0ffc05a8c50c2eb9c22d059a0db82bdd0071351a2804a4d20947,0,2009-01-16 05:21:01.000000 UTC,1FZfMb57dyAe5DmVaG8tbK6fTNZ998JdvW,5000000000
300bc4662e5e573fec5bc2433c2301aa920099f708767ec96ed09681f816e61f,0,2009-01-16 05:42:46.000000 UTC,1E67u3oHurszFKsRujmCkRi75zPSaAQGRF,5000000000
7b34ee4ca9f01ad537a2e36731668fb73e8842c18564c27690abe5463dce3777,0,2009-01-16 06:01:43.000000 UTC,19BDxGyDHdnyCFKEBowWBmupnw2L16xLaD,5000000000
975c61fe874c8d7695f448bf589225ec902279d9ac21f1c43a03052910689332,0,2009-01-16 06:10:16.000000 UTC,1GATC7q2UsLkEreULrnTQNzPoFTVeEHjTf,5000000000
b10def82b147c9acff52707a16f878506ed1ec5246a2fee4b50dc73586cba29c,0,2009-01-16 06:25:15.000000 UTC,1FBe6tz5oFearpKpxJVizHMj4PhUd8YSVE,5000000000
dc7f99da0922345eb178eeba7510b81ae9f08963aa087ca7af01b3810171f43f,0,2009-01-16 06:45:11.000000 UTC,1EZVJ3thbXrZLnrQxAzvKSZbTt42Kx3mtV,5000000000
16b5a5cdf960a4dd822be1bab9c3cec43fb9524cca96006944347ca43d873cac,0,2009-01-16 07:07:40.000000 UTC,18yWtEA3JgcwbKvVaQboZv1f5Vno5DtywC,5000000000
079cf9524b419b491cacc076423f18290f63f1e24ee67b87a92dddde82fc034f,0,2009-01-16 07:20:47.000000 UTC,1532EFaUjBBZJYPnb888aQB5sHTNWCeytN,5000000000
09548672c43aa25def69fc7a7a0e1463ea7b671209ab1c0918e9fff9e1a2b4af,0,2009-01-16 07:35:28.000000 UTC,18U2VSUxosM4tpEj5CrfRsY96Zw3bxAAPi,5000000000
7fef48a33717c581dec108f76d53c6ed9f3d5c354ca83e02c64dbfa9b1a9026e,0,2009-01-16 07:50:25.000000 UTC,1L5Af2xjnA4aM1x3RtZza7e4jRL6ejE9n8,5000000000
f72eee188d834179294d724b5e8b16620fef0963378cff5e7bcd7dac86e3503b,0,2009-01-16 07:57:30.000000 UTC,13LTHn9r7WdSkbo2ewwf2pvvJNUtMaEw9V,5000000000
0d31eb988e57808e6918dde6a8e6acc19c6622fdeae1af0e132816ca4448d865,0,2009-01-16 08:07:53.000000 UTC,19yH8Y9qdDps3d3UtvbDPPbHMrCeFHz8qD,5000000000
3b5237257da3efe8eb36276b37469f219f074bc9b5607aa970c6150a7242ec3d,0,2009-01-16 08:22:35.000000 UTC,1E4SxpwA9oDbXrJnhEMZqBANtt7YhybWrz,5000000000
40e3fb372376a018f43cd39ca7ad6a1a0104e988bd0b70428ffa94894659ec9c,0,2009-01-16 08:43:50.000000 UTC,1GSDEcBnVmBmxQHF1R8tDE7a9UL3rZ9po4,5000000000
6847c6128254b7f10a1fe0168efbd232d1793e9fc17be729bb153f1b31fc9216,0,2009-01-16 09:08:05.000000 UTC,18GRjZxoAGwkxQas5YFWisTYT9eRdiRTCw,5000000000
ceb97d8e9e495ef6a0fdca97f78f7ac7811dd7b2b6b786dc8f0816874d5e6d24,0,2009-01-16 09:32:09.000000 UTC,1PcHZoLxUUjh5LmqNjFWD6UgySjzaJv96d,5000000000
53faa3a83101c1648981b50df9de5d6facfb4f7c614623800ad9d3f38f1b8bf2,0,2009-01-16 09:51:42.000000 UTC,1D7JjEF91gXKM4NdYFTtB4MCyJgfQLDGhe,5000000000
b18b8b4800ee32ea4433e60618c2322b8b4d2c9512d2c7d70e82b449205415e9,0,2009-01-16 10:04:26.000000 UTC,16gAbaQvHgg5aHEtbTWu8DpLmZkRqoBQiU,5000000000
5f4fb51444bc0fef5106a83b2ed929323370bb23b94b3f87908351100fb89d5e,0,2009-01-16 10:13:23.000000 UTC,1PGiWY4brebc1rt7UdYpKh7DFG97SkAEwR,5000000000
3e9b07de0da9f464829ea870439b931357dfbaa34dbb8a4ce6ecdead77ae9bc1,0,2009-01-16 10:32:52.000000 UTC,16fphReCgSZyQLoAi9vFKNPtytq9Bk6XQg,5000000000
62d1e4c550cda986044de5d730fa6933180e29daff468f133509b61db437168a,0,2009-01-16 10:55:20.000000 UTC,1FzynMZV2XgJWPXbbYmQm95QiGNfwqV4z,5000000000
9ab71740a3014a9f0756a6b603fb6f18296e816cf3fd80bc67b9afb0a1e6801b,0,2009-01-16 11:06:30.000000 UTC,179GiVMKtPQcRMx3obUFQBcqAHCjJG5X2K,5000000000
a29ae012c453df9daee68740a884b11acde03b0c0ea3f3248887e3beb6695b5b,0,2009-01-16 11:18:49.000000 UTC,15Me5i7uVLgc8ktZHHMzkMLGFzkm1RGn1Z,5000000000
bd34e0476abb5a2b8d49ef1f1ea26e9bae6162035228b7dc34edeeacab53aa40,0,2009-01-16 11:41:54.000000 UTC,1DDYqSw7VQmFqv562Ji9gtBzGMHQ2e9ueM,5000000000
1837d8b7b8aa93cd49fe256f0aea81a70d781b9164b77544d99dc8d38e5de868,0,2009-01-16 12:01:28.000000 UTC,1NztLoxxLK5vo8ooVzZDsivQww6XYDL8Gy,5000000000
d347053c660613b5ab6700963c94eba2df557eae4434573e1429c014071b5756,0,2009-01-16 12:10:13.000000 UTC,14bz2YUvxEWAhYk7EkVznU3pJC36Lq9967,5000000000
17573dc4eed8e66e5f8b83395ce09fd8aa50eea51a3a0586f0655b41fe06eb19,0,2009-01-16 12:24:48.000000 UTC,1CTzd8byMYyLenWoKjWrxV49PXVm3DJqQr,5000000000
0250a9caf09f36448089bc7900959817dff9501b6512110cbeae16fa50c5da1c,0,2009-01-16 12:44:24.000000 UTC,1MyyB8owJfx7GhAiS8oK2VLgjARjpX6dvR,5000000000
633d885165f7a59d3223663308ce41d3f36eebc3862fce4897ce9c2180b229fa,0,2009-01-16 12:51:20.000000 UTC,19FwbePXtwJojkQo7rp4jVgVCTkAqsAUnq,5000000000
d70351067d753ce7eb14be7757787abec81cfecee93a20f65ed0cbbafeefd330,0,2009-01-16 13:05:52.000000 UTC,1FxEr98WpyobbhxXRKWH4zTZACSkaT9E7o,5000000000
81e1b4d46bd99a7bed77ef1c6aa1a4ee10acb7fc9b2b61841b2f116a39ef4cf0,0,2009-01-16 13:16:20.000000 UTC,17KqPU8qMddkQ9h15JrL9FzvsGhPK9wh1u,5000000000
1418319b11188f8692aa85e41e67bc7e04a3dd234ccb585afa0177a874c96cda,0,2009-01-16 13:29:26.000000 UTC,1GnNi66LXhirV5st2YL7ttfMaYHyLgAvpW,5000000000
5439c37c4c6dad4ad93b1d5598d57f1aace9d0f68b892236da903b3f136451a1,0,2009-01-16 13:51:46.000000 UTC,133fZZzNNbHL5VSuCWrUkLW2oL9ZPJELbY,10000000000
3e47dc1bbca28fcf4290fa824d8c402773e0465811e8b0eb33a13f9a904f7edb,0,2009-01-16 13:53:57.000000 UTC,18QW6TzKUm9r4BPHLEEJWcDjmG8Gsc96y,5000000000
bf6d1f4d6155853304ace4df4328e02ac7497fc4bb7ee129c080e6b03be2a4c6,0,2009-01-16 14:13:36.000000 UTC,16LdiHympMFsakyiBpSqEwrCvJZnzugsow,5000000000
3d84bffe18ab5f145aee829cd174e959fe8ffc596122d5e1819381c7045d693f,0,2009-01-16 14:38:47.000000 UTC,14cTK7e9nXWTRwrhhxBtiFVcppWUq2khTi,5000000000
02d66006ed338fadc068ab4f06af867d6512b8675fb9141d23143ce271052817,0,2009-01-16 15:02:59.000000 UTC,1A2qCHR1sveBGtRztFuEAxnPJ9yc689Crz,5000000000
3d46433b9c7cbb0345b88dc032273a8d41c9cfc4290712bdbf39a1374be55236,0,2009-01-16 15:21:26.000000 UTC,1BMLJt3Evpkm6D279N2hSyBzmJvJoJZaJG,5000000000
18687c2987f739b4afb377242751faae094bf517db58c1387b80397d3097d3e8,0,2009-01-16 15:22:21.000000 UTC,17UTH1UQESg5mhJuYGmZVfU5zpwgiiimG2,5000000000
cb362ddd8816c5f280e9aabe33a485641075e556ac96816e1d631206a1641ff4,0,2009-01-16 15:31:57.000000 UTC,1Mc9irBdXAWdLg1DyHrPQkZRH9pWxtwNKz,5000000000
09ac9b8760eba9199ab764c348395ea4eedcddb2c8dc9cfa5b70159e043f9520,0,2009-01-16 15:49:11.000000 UTC,1PSTHxT4nCvJ7bkhhwNDggpFNVRLTVRk2V,5000000000
eaa82ef14c58bb5909350df6926ad9a23c5f59f75226670831412115d083412c,0,2009-01-16 16:09:21.000000 UTC,1DXDzHsijXajvtWtGrkmJwnpcj8v8p4HUZ,5000000000
978fab1e24891ebbe196acabc8b7d64be4d67a81de91268374e17134b915580e,0,2009-01-16 16:18:56.000000 UTC,1LHtUhAWepPKCCuJVnrRC3vrBsC8raVLFT,5000000000
4ac8452db8815b56bb37f14b1251d52d14a9cef1e0519c16a5a67cb9507bca94,0,2009-01-16 16:42:44.000000 UTC,1Q2ZL2ZA8i7N94uQzZJ6Fbe3dgAfJmqmz8,5000000000
670ebd382379ffd751b0ef144f819223faac4af29c13cdc2bba71a092b2e8ec9,0,2009-01-16 17:03:52.000000 UTC,15jqawy4NJNZrpVk6WsHucecVKs79zWuWr,5000000000
3a4d6313e6f76ed7d51b5fc8565eefa50aec7fefeb56b5fa0498cf7c5f3ab306,0,2009-01-16 17:18:46.000000 UTC,1H5eAaBYa5dK2TTnPpnBk591hF8WxjWqtL,5000000000
17e017e74707be1ef24ccdd7f15bc5edccbb407d455ff6307f373649caed12c6,0,2009-01-16 17:34:18.000000 UTC,1CWB5hcQYX28UPx6TccgPMwPrZjAA1ecQ5,5000000000
a036fe7e74319bf123d1bf23164353aefca95cba47efe1565694e91bb0dab4e8,0,2009-01-16 17:58:37.000000 UTC,18pTGoiQ75ABJTqjYYBHaqHVcKsnDkMYQa,5000000000
daf9ef728b9e8bdc41bf1e8cc6d34b097250bb52662ff42a1c6f56f33cbd9621,0,2009-01-16 18:13:22.000000 UTC,17FSwcv61SfE86XxhrqLMLRHug2vgc5c5m,5000000000
634ee14bdfe2bbeee3bfb082f751f1e0603a5735ac880b2e36f7445dfc161082,0,2009-01-16 18:37:13.000000 UTC,12XYsEE61mDYaCWeWPE8npdGeMePg842WT,5000000000
68b992960834c18da656e205f09ebbd59fca42566145ee400adb4834a0b4991d,0,2009-01-16 19:01:55.000000 UTC,1BHEaAyq1SstBkKm45MVxW5yQn1ZVeDAJe,5000000000
57daec256099dbb55e9f2012358b0123c5c0530b8cb82c12cab48031f129c793,0,2009-01-16 19:19:18.000000 UTC,1QGiRWdAwZSE9QHrcxqusjCfPwYiADZx6o,5000000000
18b5175c94e667eb128038f273ba08676452f5c484b5d79bb757b701225cafeb,0,2009-01-16 19:41:45.000000 UTC,1KrtHQVV25GcDXU9G3yaTeynFGXBSPu8yB,5000000000
ec26539b7bd6c264efeb609b1159de4b78f27830f77027e9b4e5523b40e15d0f,0,2009-01-16 19:59:29.000000 UTC,1RkgYszBm15XCj7SVxF29xpspuU6snCSB,5000000000
2bd7e754ddc5416e579a9aa54f93e9aa53af3b9c0ac8194462b22856b806e15e,0,2009-01-16 20:09:07.000000 UTC,13ZoLW3cEu3h8PoFg5dw8hp947Q2YbXV47,5000000000
871372ea8106dc35f1fe45506d78a24d073ae0efaa5017b902dfc1d287741e79,0,2009-01-16 20:24:04.000000 UTC,175aRoo3z9N1fdQwj6Zmh6yvYx6AtwRe4Y,5000000000
b7b2b41bd7e219fe2d5543e196dc91d3fd72f1696a78f59a127ebcad9cb2bb3b,0,2009-01-16 20:42:26.000000 UTC,1PzBYSR2qjKMgBXhFqS4oUte3Q6ANAvNGv,5000000000
6d9633cefd02ff96e95cad1c59373cbb489e9017e54249ea2ac9e370d011ba78,0,2009-01-16 20:53:24.000000 UTC,1Fv8jd8zWScnY2kJWC55VhwYhCv6C1wiqk,5000000000
4c645f958c36454b3c6aa22e1c9096cd79873cadf82131446c892921cb50f54c,0,2009-01-16 21:02:07.000000 UTC,1CvaFM9ArDGerYnfte3JYNgRuawmeMAras,5000000000
24a58ff56246d86edf8119d0c03323e5332e165c4e88eafd9796bf2c963d8fb8,0,2009-01-16 21:12:46.000000 UTC,1Eh5uzudQHv36rifNsNjsgYASWfnVSwayb,5000000000
bba9efba08eaebe56f3ce26c388aba9dc558677a6cd46ee93654bd3094a1d534,0,2009-01-16 21:39:20.000000 UTC,1K4WHif9Dafk4hP3cgYfYLdJf2ZckDVCh4,5000000000
a05d8568954356ac355e7433b992c7aac42529e85e0acbd11b349200fa291720,0,2009-01-16 21:41:59.000000 UTC,1H8xEqy87JznjoKakuyJqv5VBeBuW5Wkrx,5000000000
c0941c4d8ac40f707086943a31615983838a44eee953061512f2d141cad9c4b6,0,2009-01-16 22:01:48.000000 UTC,15jvQLzprF282rVXXcK39wXmBkiMywhSqC,5000000000
04916fa6032abc23bef344520843a7079047361c31a1187a5a0fbb53bbdf77a8,0,2009-01-16 22:29:11.000000 UTC,14o4kbHFVQXJZqygEBCJUJTNGaM5G7w3Sw,5000000000
47e3078794901a499c4416873ad37cd47acbbf7b36bfeb2a8b469ced0e2d40a9,0,2009-01-16 22:54:20.000000 UTC,194QWDkvD9jZSaHtA2ffUEdenwQBiGyBWK,5000000000
0c6af4d648111cfedc3a054fb7dd85cafaf1f9f49b68753580594ab07fd8d22c,0,2009-01-16 23:07:45.000000 UTC,15tFMc5EgxDDcT1BpbSfzuqsmCpBX1gNXm,5000000000
71ec402380c6cb4495d1f3c64be339014bc0134d896f61a18996bb519e4a5f4c,0,2009-01-16 23:33:00.000000 UTC,1MZLpEGNerHXCr6qhSjjwDm3ejaFuVAvVX,5000000000
eeb40b8863bf4af340083842cb8ddade36dde1dc9840406b52784aff923bc501,0,2009-01-16 23:54:01.000000 UTC,12RHqP4YgB8CoFWVkHaEc5XftwUGVXXAi8,5000000000
8d678f9dc967ec84913e4e0b8779dc404ad19309e09fc57df0aa37f3f63ec239,0,2009-01-17 00:12:26.000000 UTC,1Jyuc5xSiQkiksj7uiqtnV7w2EuuMdaHBp,5000000000
3ea06ee850efdfe56068e643ef9238ec49dadc333c49c43bfccc248577d0d1c9,0,2009-01-17 00:32:23.000000 UTC,1BYLsU7c8uAeRfrSTHMMjaPCqYfFRodoo5,5000000000
9dda78aabc54a575174ca4fe89eb79c6760d7bdcf669e70f0c6ab3705a0b70d4,0,2009-01-17 00:41:50.000000 UTC,1ER4Q5AmGRaVFYmNbuRCupVNo7qzUxzk7a,5000000000
e2d39def68d039444be01a3efcec099bd35eae77d77ebd67698bb7b94a40d7d4,0,2009-01-17 00:57:44.000000 UTC,158ECj16ZB1f1mZtB4SjyJp1joPuzpg9gM,5000000000
0de403b33004fd1f8dd9e7ad35417c07f5e7cfc6824b0e27e877a0bc492ae8fc,0,2009-01-17 01:10:34.000000 UTC,14BEaEMUZiRx3V3aSSJqUJsYLcaYc4SbDh,5000000000
d55bab37c8b69e894032f5db2b1ccb6285e745949084e274a739919a1695cff5,0,2009-01-17 01:28:39.000000 UTC,18gMVyniCeS3HT8yD5m8KQewPBs8F39kwR,5000000000
f45b2c9482d868a6f40c6fda166cea27c3c5e5c4e6eaa1e809a024e2bc5ada4f,0,2009-01-17 01:42:19.000000 UTC,1DNvGr6KiGzP3SwXs6jLab139Vd3MthtxW,5000000000
9ce098a623e47776b7392c9ff0f30f6a32fc91fee1b34b348ed012ebc358fd2a,0,2009-01-17 01:53:41.000000 UTC,19eXuYBBdP4tzjjnrgWi5KBQo5h4Z2fdqd,5000000000
a19280f07c87c17f64c3cb123343786277a72bd36332b89cdc2ddafbadd3ae2b,0,2009-01-17 02:09:30.000000 UTC,1H9AWe2V3gm1tiQo4eHv1MKA5dDPSWfE29,5000000000
b0fd9f6c36a23fb37a0cd82f23767d02e675a5ce5899c21b2c8fa6a81da4b6a8,0,2009-01-17 02:20:40.000000 UTC,1HtK4PhN2ctqUa4qxnThHNcwfZUH2PtgQA,5000000000
abe8207237d28324ebee3f176fb07dece9bb441d832d98271d94c7e13bf9233e,0,2009-01-17 02:30:37.000000 UTC,1JDtiTXT4RSPt1kKmzxCWXnxxzhPRzpe2R,5000000000
dc8bb7e1af0ba2895699b6716d15c5429f3a717c2de8193e3a957ba0aee56acb,0,2009-01-17 02:51:38.000000 UTC,1Au9CUwFFpAUeDZQ82tMaHCBeKfW181Xnv,5000000000
a21f53c4457aacf4a3403e8e8dc97745379970148ac1448c15cb8cac8006af4e,0,2009-01-17 03:09:04.000000 UTC,1CSBrZFSQdjVZAf1FC8mYwDDXQXYhyU6PC,5000000000
fdb086ee0237a3b1f85a4a5181952081f06abd8b4337f2a5b4dcaa71522bd992,0,2009-01-17 03:17:56.000000 UTC,1BaFYHfx5epHmP6akADEnj3vCnZTFRDbQT,5000000000
86aef95da1e14e635e802e1b8af7bdde3e6a992b89418665fad22d0d59e9d28d,0,2009-01-17 03:32:46.000000 UTC,1BYhVn7vuUXfBvaJ73bfjic3tQa9h4jBYm,5000000000
3e3946e76ac0b59a432fc789fd7888b100a50b39ff2f6aa8a45892e9ebb88d21,0,2009-01-17 03:50:42.000000 UTC,1FCBGPmnrMSYaphEEtXTVpNcfjsNSTDNmy,5000000000
bd6925db4de3f2512cf137fa5d50554a6aa7c896f0a89c1ba6d8ce9af82570de,0,2009-01-17 04:14:37.000000 UTC,1BzbciDiCbK4Xy7RXgPCdNCruNAU99zykr,5000000000
0aa75aafb5b4bacc5497f6402a6bc3307d2cb77ae977642b1e222b61fbb2510d,0,2009-01-17 04:36:17.000000 UTC,1NKZDouK9X3Uwa2vQbtt4WDnG2NUpMqSG3,5000000000
c23945b5e7275f721d034eeef52021bb1865b2ec748f6fc63830bc2cc548b816,0,2009-01-17 04:55:40.000000 UTC,14zfBQx95CP2iRxUuyouhqJsBzgj9iKt4X,5000000000
84c0f854414d644397bd06b36003bf87fd57f24692cfd2b2e28cd1e9141680fc,0,2009-01-17 05:01:53.000000 UTC,1DJo4bfp3jWEpg16k6q15B3ohaNhyFPecN,5000000000
792dc28a543efca217374b4a802e0c88506fde8bc7bbffba4890b2726e126009,0,2009-01-17 05:21:36.000000 UTC,1KQ8TavuU8zTg6WJYTxQ3Surk2v9kSGgJi,5000000000
330d3cff164f1e6f9900315dd2c8a52cf88f1572f0a7f367fca0b65442918839,0,2009-01-17 05:44:20.000000 UTC,132hW1FJARQEZxgCmJuiEMeBkA4ogd8vQT,5000000000
e770e0eff7a0b0b7ec298b467ac79b0e967be0861304a34d8eb06e4d7726d205,0,2009-01-17 05:57:45.000000 UTC,1D8vz9FuQJMG8kEiDQwED1eCbhQFcfzGqB,5000000000
98177a2614e065742252dbe4a0b46febc8527a5996224ac8ce07fb29aa013c55,0,2009-01-17 06:08:55.000000 UTC,18SSrPo5rDpZwtQid83mJ74YMMxU8p2Scr,5000000000
4313ae9c4ec7155b35e75a44dd6d14d67df5de94b2ba13ddcf0593851242606a,0,2009-01-17 06:29:01.000000 UTC,1CP1eqtu2hKeA1pyL3tzq8FUV1DACD12Ao,5000000000
cc7d84b9828ddd7f4a31846cb80fd1fa0e13df22cca904db9a9d22221f6565dd,0,2009-01-17 06:49:24.000000 UTC,14GXUTbTkfrVT4ixpee9Wv6mMcavGdgKTV,5000000000
b30e0f7d573a5247957dd5cd2bface78d453fb2d1a3d83e87fad06a8bb036d96,0,2009-01-17 07:03:43.000000 UTC,17BzCutAshtuzg5pMDtJtccMnQFmm7RyAD,5000000000
34e34f49f383939bff4725edb9e6f3e8e05bd295a01a2dc17b1cdbda4d7f8ce2,0,2009-01-17 07:29:24.000000 UTC,13cUmv4sHaSF5CydeeucUF2NBCJa7fz5QJ,5000000000
470d7a126a332290d7530fa5ae9c6615b5ad0ea2a2d52c0a80ef536c91632fa7,0,2009-01-17 07:56:43.000000 UTC,1HN8RhmyTQYm47ni4pFMhcGFU9Kzq53G3q,5000000000
af4b9e2291e1360d7ff1d9bbd49eb7f40e069d659c589e835e1bc8b33749ece0,0,2009-01-17 08:18:02.000000 UTC,1JrHnX1BKH7dBLJVm1YqnCaGpsUXD7y6Co,5000000000
ca68250566bf272a6c9aa65c5c9404baaf20ae594faaa7e0d2720ba3c1c27da0,0,2009-01-17 08:27:59.000000 UTC,1Dvaq4cde41Bz5KUKbYEjBhHbZVsvSFgV3,5000000000
f1b0c128d1d87eaa524d67dafb5cd86fbda67cb32d823264e677b816f21051f6,0,2009-01-17 08:28:16.000000 UTC,13mYtVxjEiEAtvbG3Mfy1NHwsAVVbVLtVi,5000000000
8ba53ea7e5a2c1824cafef16d6dbeac4c62713e1147108de03afcc7464a383f3,0,2009-01-17 08:35:34.000000 UTC,16c44JhQegiNQmZevfQWscS4SbT1tZ8BGd,5000000000
a1a84427f79d587a41890811c21c1733538b5f8f8ee7450160bd5faa169bdec7,0,2009-01-17 08:48:03.000000 UTC,1H44ka896uxwe3mf4m4mntEuZ11F8HA62J,5000000000
11159855022d25c7d8df81c0b61255ac0a72cea3ea3ff7685b55522821481d0c,0,2009-01-17 09:13:55.000000 UTC,1CHhL5EaBekfQVRYyWxYhLsZpbdYjpJE5t,5000000000
1e1481dd3fbbd51a635b6f3b93c5ad8e1f5e763297a094780c8512986da2e9b9,0,2009-01-17 09:35:50.000000 UTC,1NtqVpiCRWACGEgw8KJzF29sDC9t9nWXiw,5000000000
8f77041772a4d9cb93cbb57f0ab274413386feb6f2572060d57163e5457eaa09,0,2009-01-17 09:58:14.000000 UTC,1MF8v5JG6NnE41i5g8iZSHCoYHijmQ94ek,5000000000
664c809efb6f90980f741f909bc3413f2eaaad15df0ebf065eb8c32d39987c99,0,2009-01-17 10:20:25.000000 UTC,17qC5cT9SWKt8DcKQ7iNe4nf2qifsnUeAF,5000000000
e5d263abd86ec2c2100c1857d69e504657385bd7ca192921d8134af2bedf58af,0,2009-01-17 10:36:19.000000 UTC,14je86gJp2QKgdSnVC7ZFurpCyeVp6RXxf,5000000000
657503bcf2bafc423cf2c3d2aec559e98cacedcbe0427460e6f5b4d1e3b02cf1,0,2009-01-17 10:47:03.000000 UTC,1AHL57NfmJT8n8q4AnyoqLiyJHfDBHmtTc,5000000000
adac28d09489b5327e2539c1b45dea7cba4a1b346e7bab42444222b1cafe92a4,0,2009-01-17 11:11:39.000000 UTC,1GXheusMrRbndHuPLFMu8PHd6QYN6yBYy7,5000000000
cdf46f6d9d4bb38ea7c49767bf4bdc9f2316a19d0e5a34000900f9c42bd825d8,0,2009-01-17 11:37:14.000000 UTC,15bLNWETKsRuAVUBLAnFu2815fAK8bu58X,5000000000
b6c5e7358116010ec0d19032d3b9ed053c569eec250835cedc459de3eae2bb8a,0,2009-01-17 12:01:14.000000 UTC,1EyMPjJS5cxYmX96tED27Pnea3DV4p7AWN,5000000000
5b340f8c400f59467ecbda0c7f43bdba6e021668424949a02eff377b17b04448,0,2009-01-17 12:18:25.000000 UTC,1NZn95i6Tr5ud8ryyWuK1Up1E9rkGgJwkk,5000000000
1b999398694feaa6c2d583d512bbe99db1fd110e7f2cffa149e08cad5f0f645f,0,2009-01-17 12:30:40.000000 UTC,1Lonp1EhnR5t4iUc4ZUsqnBsDfvHbC6FJ5,5000000000
4107bba48b61d7a1b19d9fceb836479de08f5c5af0c0b42a171ef5c022f228eb,0,2009-01-17 12:37:35.000000 UTC,1FZESJAr29Cqb3dvGYdi8CRbcQF9hZBv9c,5000000000
6477f24bbc573964f3840ecd692cff994f829ef839118926651daaf8b56e7760,0,2009-01-17 12:43:42.000000 UTC,1MAZQ1HJ1FGjUgoanTN4gj2DXzwKcPqbq5,5000000000
38f28bf4ad7118fa0145ba1425ebf6b1559856e3e9eae603966dd20b8bc9a48e,0,2009-01-17 12:50:37.000000 UTC,1LWVS3vYAwLFk4UqFwFDNcECEDKvMTnBZV,5000000000
84a2c2f6c3a6272b41893a313bef584ee6d0aa3afa34203b5a42dfbc55d2352f,0,2009-01-17 13:13:48.000000 UTC,13yy3HpQ2rHyTCNkqdSvaDRMnnuhnKjS38,5000000000
6b272b55dabc0c54fd2f190ccd07d7b86d9de04a8ee8721638fd1bc29b8d67a7,0,2009-01-17 13:24:12.000000 UTC,14NNcfY2eFjG5YCC2DmgZfjj8kYmfAvWNs,5000000000
07fba96c6d8a2d8782ffce6cf528a00097986da2c32535b47a276b52a20adffa,0,2009-01-17 13:37:30.000000 UTC,17dxncK8bqPjGsagPRZfGftcfvckfJ2qcJ,5000000000
6895db7ca5c144c7fa264c8529b4372cbe6aaf6497a14afba33594ab1a4410c9,0,2009-01-17 13:53:10.000000 UTC,1HF6wV9QNKKdhcW4gUwKDdf4P7v2d3AzZ9,5000000000
d027a9f372bdefd8178314ca9139f721e44df43412009457fd9b09f52dae66c5,0,2009-01-17 14:10:04.000000 UTC,1M6RsA3psmUipySiCfZ8f9baoDedMZtNXT,5000000000
9cad34944886dca0e8e88ec2e2a508fb6da1789f6cbaeffdc3668d560d8062bf,0,2009-01-17 14:16:32.000000 UTC,1CiLqjv4zRvcXpYT86GsxPvodtsqRgzf4y,5000000000
dc03b4bff985848382b9e703edf9df25f64534c3b1784991a8938d25bbcddd3e,0,2009-01-17 14:38:43.000000 UTC,1B6AeC7Vm7vfQ2EXkDKqS6oCuwMg8QXD5,5000000000
a8987b44c876befc29e2c1e358effc17ae63c4adcba573d39e5c11a30372d8bf,0,2009-01-17 15:03:11.000000 UTC,1C6ehGeAAPdxt2AVWDw1Xz1Y5gu9wrbkf1,5000000000
818d4e526d9069e9aba5651a7a4417a4478959fc0e5a59f9a898e9435e485804,0,2009-01-17 15:25:57.000000 UTC,14t7yS4QNCUyeUsxcZRaXBYncyKJFAeZyU,5000000000
a5d8c25db574a6523e1f80a71c5c55f40507593a25dc406692f21e72e264a1fb,0,2009-01-17 15:34:27.000000 UTC,1NkbANEoqQDigiuDNWBW1DeELht6MrtZvz,5000000000
749dae073371bbe5a1ddc5b127c1f7a6f81afe84740626570eed953cc5872401,0,2009-01-17 15:56:28.000000 UTC,1JaeaW6tASuSdhUshq3DY3YPzKsW8rCAdo,5000000000
82146875ef6e7710bc1365ca1f4c83b46cb44d232b33bb430b7119777e49a8e1,0,2009-01-17 16:08:04.000000 UTC,1FoSUq8JhYC1f8AhD53XYgqdDGTr44KNHT,5000000000
e3e932f77eeaf47a09c6c61675276e8f356e8fc6d6a4f404ae6a966ebf864b53,0,2009-01-17 16:33:00.000000 UTC,1NMe3EmPxBA5xFqGRZtwqoA3UnRNfxG1ri,5000000000
c94c78e59390e73db5ac863eaf50cb80053fb464fb3f3a8c0dcbc7a67b95ff0e,0,2009-01-17 16:50:36.000000 UTC,1M26CMgofgWJva25H1ZVBLp9Ego8oAmDd8,5000000000
1250eb3d3c033248250a39a5df553be24ddc8a0e76d71b520904935a440fa225,0,2009-01-17 17:00:05.000000 UTC,1D1m9EAj1Z1W4otGTc3cx7JtXdjh4GzrDC,5000000000
fdd6c3c3cb3de7e8a68e920541befe5469084a68c68127f4ff595f67e05d7942,0,2009-01-17 17:15:51.000000 UTC,173nP2jc1E7pqaBCTHhUpkbCcmEKHXQZRt,5000000000
16ce2f4b6ea02f6638d037815c195f216f9600724460a3f1f4c153a2e392e190,0,2009-01-17 17:26:34.000000 UTC,1MYZRzR6rbrM1MsJvytWK8DNeAeMCaj3DZ,5000000000
a5b6aad3ec7e4949973565960508eb1eb803d201dc73fd53e3f6079159a1bd41,0,2009-01-17 17:32:34.000000 UTC,13eJ37Beo8JYTcP6kkJN5G2WUZKvBJf5Ng,5000000000
49be42084d61986fa0a325f0406162a97eb8f2e395a4f24383b883fc0508ccb1,0,2009-01-17 17:50:34.000000 UTC,14gq7UwHnQzTYvs41AFPeeRyeZncHtawHm,5000000000
b64786cf628d74f9490aad0fdeccd974a1d7da30d3a90187c78275a393d52937,0,2009-01-17 18:05:45.000000 UTC,1D5rKF5f9ua1N4gPngd6vAd968YKn1zMh7,5000000000
3c0023d96eb5f0673ea1e8297baae0f64a35a6ca93df63176b0c6cf59240fb77,0,2009-01-17 18:21:41.000000 UTC,1Ny3i36MmcTpyMk4zHzauN1kQTMgVpNxzR,5000000000
aa653511d368baae692060b2554ddbfbf1efbd49167cb25c8213f327d4362d4e,0,2009-01-17 18:38:28.000000 UTC,1Pxo62x9u7jqTPCgTJs9eaKxDUcnpTN8dt,5000000000
f33490c99489c9e92b5dc532a2b673233cdca0e9b666c87d9c0edeada5b8fd38,0,2009-01-17 18:59:07.000000 UTC,1Kue28aHwoB9dUEfnpWENwUYwtsPViZ7fq,5000000000
284a4ecb86e143dad168e76c1c8a9a802faaa56545c289d736462994f21eb686,0,2009-01-17 19:12:14.000000 UTC,1BaFZrgNmXYbr1d6Ye6G59bD1Z5uLLoT1G,5000000000
bdd70593b434db35414e96caa8026a79667c807395ba5b67edd26de66d1cd25b,0,2009-01-17 19:19:13.000000 UTC,16VPs6exrkXqveSCwqGXxJ1GVYjCY62R4H,5000000000
b80c03e4b42c692281ed25ac616b2628210021746d0afe83af213bd072f04de7,0,2009-01-17 19:29:11.000000 UTC,14KGc9MVADVxGxorV2Muhgc7aTSmLYdbPQ,5000000000
d38501417cd959d1fead3bfa81b2cddcf68b5a35e610e802d4ce21efdfdb0a55,0,2009-01-17 19:39:06.000000 UTC,1Mzp1twTdSXZYDGz2srrLpvQZvdxUPaCco,5000000000
d40fc3ca7e3a920ee9db61ab9ddcf00cc52e96a6e41065db2bd93f61ffa12a6a,0,2009-01-17 20:03:56.000000 UTC,12Qvuw5kibdF3zMn3e7AEszcpaazLegLEs,5000000000
8c4dd475e2c4604e83b52334270d6b3738463c814cf8d1965982977abc75a8f0,0,2009-01-17 20:18:12.000000 UTC,1CtvNmv9iTMAUE2Uwgg827WKxQnXrrviyk,5000000000
ec260ddbf213aa67b82992a91085706067eec3b7b1b3874f90df2ecb74260458,0,2009-01-17 20:28:43.000000 UTC,1FNq7z71WgKx8phKZqedeJJQgorhnohrxx,5000000000
59a07e38ab9e04bfe7a8277d1960b1407af81cb515d5f1df3431ed40eca1f135,0,2009-01-17 20:35:37.000000 UTC,1EWK8AafznR3NNyYufSz82kpWxyckCvkn9,5000000000
e0c0bff8c446bea53766341ade4025003eb77299b8c3da2fa82cd06c9d7799fe,0,2009-01-17 20:37:23.000000 UTC,1DySoY7DB9qku8QYtdgKYkSEVA1JA46Uni,5000000000
5c27fd414e4c9ef031482d6f6c1fea4de73613dc44163982f08d90697706645d,0,2009-01-17 20:54:45.000000 UTC,1eS5ybzSrPtArCugrcAtcC58g8YNjwGZV,5000000000
1a959426f24222d539abfd0b2918972f203810cf914d9697b3a815de18141f7c,0,2009-01-17 21:13:01.000000 UTC,17NRRNNsbJuEAC9R2xeFfKyBmY5avdHw1u,5000000000
d1aa3ca0641ccbd624097847c227448823f0b5d6eb8c0b047335c056886f9084,0,2009-01-17 21:27:09.000000 UTC,1Lx9PbLowBtAzMWttPuXhMA5dJzJsvaXMh,5000000000
ad4e97a2eec8596d1a14ca2ff6b8c7ebba2fc60705601671cc65f30d390f26ee,0,2009-01-17 21:44:55.000000 UTC,1EXWUqLpsczWPfBPe3H8GdoUWWgec9d5bX,5000000000
609cb081fc3c8fba496507ac33948de3ce6f145a6477181fbf817f82c69bbfaa,0,2009-01-17 22:09:16.000000 UTC,1F1SyLL7e4We7f6Ky4zSCuXasAm2JCLJsq,5000000000
362f1da2f76d1096dae5c946cc7912189d4d6a5eb2cda130aabd6c618bb7dd71,0,2009-01-17 22:16:42.000000 UTC,1FbGcXCL6aVU5KpVmUKAmr9Eipmy6dra5r,5000000000
d5ad2bcfca33dc1dd908a87a01dd605ee26cd81970c5ffac86a0e8b317a4b798,0,2009-01-17 22:35:01.000000 UTC,1J9qECCZUvSQ4HEpNxupr1wBkBKuZfKNe2,5000000000
dab39d7c718626019f2bf22079cf8504a9c2a5af529205b794571ee0ae1950da,0,2009-01-17 23:02:35.000000 UTC,1H4McnfH2geBkGx7dZaG2wyFV2XLtBPRcY,5000000000
697888642a848cd90c3fd39336f19747571abfaba06e30c13468b0ec753833e9,0,2009-01-17 23:23:15.000000 UTC,15rau8784NmsVEirV1x2WfRrk7gMwbcLsU,5000000000
c800e5cce29790efa8e07d666bcb48a6396d558dbae50d61096b01227b6ccbdb,0,2009-01-17 23:43:41.000000 UTC,1DQTU24Pz1w2Yc8i93DpDgJGiXvT9knDKT,5000000000
ec0bd6a494c6946b6615048d4b082a8d59844c9b06953da681694f61c5dd81a6,0,2009-01-17 23:57:10.000000 UTC,1Aa4ZtvmuQp6QuyT4cTSkwMsetm3mKupvz,5000000000
2a88f8750845e0b6a86ccf42e4e0321fcd7e18f799f0e3f56356e4a85c978a1d,0,2009-01-18 00:10:14.000000 UTC,18PWsYzYWWvLiMju8cVHhKNAQaFdpiDnAC,5000000000
d6ad8c8bddc366fba7cf6917ebd9a9b2737b216fe894f2d30f856b7db6ffc9d9,0,2009-01-18 00:22:52.000000 UTC,1JJF5kWv1qyxghvmacSfUafJGMGZ93vA2N,5000000000
c3f2f0eb5ccbbc2839bfa62f77fee492ad8d04a523c00ac24b9beed4732b3706,0,2009-01-18 00:45:16.000000 UTC,19pUYshr9bb7nA5fLbsKfKrFU6tzZHNksJ,5000000000
86fb2190ec4c8c988724db96feaa2bc55b373b0c2c86286b0626fd92264d29a2,0,2009-01-18 01:00:18.000000 UTC,19PFT4oCetuFmCUY4H72Eqgy8XKAVFqmkW,5000000000
d0d91fcd42f8cac2c1498947ebe09ed9ed13a7b1cbf1c7b2a68a56b85d2c864c,0,2009-01-18 01:12:31.000000 UTC,1GtYSwPDrcKZp8GH3HaYMEtkMeK9EptsyF,5000000000
358688a97d456fa082d6bba91681445ffa54fb539afd5742809dc45d5b8bb7aa,0,2009-01-18 01:33:15.000000 UTC,13N2t3Q5VrHC84ZdV6xC3GuNhZzfbCreJP,5000000000
23e2ddcb0a75b0fb2f1321bf86e2b6050aee538cef8a42423b2c86ec45d8762a,0,2009-01-18 01:51:12.000000 UTC,1H1kce9jmgkGTfQRpxtyjdPwq9n8SdC4ag,5000000000
aecbf57160335e33419531cc91b641dd2ff8dbb07ec070fc856d2bd97e1d7d6a,0,2009-01-18 01:57:53.000000 UTC,1QD3acY5qUZqgtsqwA14S83MqpLF8KoHhb,5000000000
f0bde99c59d8e59ca00bc636979e3b31d228183da970b4c69b8988a3fad3e195,0,2009-01-18 02:10:58.000000 UTC,1F7rXV2j92X7ZjRRW769bGa2XjmogTxoc,5000000000
fdf47435abf08e414ac5398f8ecba4acad57ce0e3c85ebfc3485c7b1624ef9ab,0,2009-01-18 02:16:31.000000 UTC,1K4n9S8dQbe8Qoe21rdaZmPrG7ZFVhi8nm,5000000000
98deb09fc4d3d5a07b32ff16a47c29c2f21bd262e4d3c9253bfb50371a7c170b,0,2009-01-18 02:36:50.000000 UTC,1PXzjjq2kW93okB2G4DaHKTZg5YBNNrpaf,5000000000
d39f36f74a4853ecbac3104c4b8663b5e042715185c632a5480518c095d56116,0,2009-01-18 02:57:57.000000 UTC,1EqKNuaKJ8jroxEzZQQjyykrqtJ2x42VNh,5000000000
84bc056f5987379f763ff998d598ffd9c11c0432151f221e505fdb28259ab1cd,0,2009-01-18 03:24:38.000000 UTC,1NeWN6iQFoqHUoPUMYFEP3zNzXde93eTGr,5000000000
07444389d2c5d91451b42926116023871e0e6f90e910215a4a468a100330ea5d,0,2009-01-18 03:40:05.000000 UTC,1UiAbm15uzJam6Ljx7AFRRQZ1M6gRBpk9,5000000000
0ea978fa97b831ffb02ef81db0722dfe5cb6c3b5d555d9ec476882e03a023754,0,2009-01-18 03:52:22.000000 UTC,139cAssmKieyobfmJbMc4qhm6DL5vFfxHC,5000000000
92011df6e7eb5254315fc695b23efb84d5352af12a1766bf5d3bafe489db469e,0,2009-01-18 04:17:34.000000 UTC,1GooGzwwk4ZHsUCV2XnFKiyxSRqVNNSsZZ,5000000000
4e0c7429b03410234e029ee0cb38f9fdd13f28cc854dc6a8b9d9dc9d75537c69,0,2009-01-18 04:24:23.000000 UTC,18mbp4oPrFQYsPFXJpudptPzVyuwLkXMKx,5000000000
85f5a0e051e02e3d4df287b8466a3638c442732b4051eff7746a8f9284274405,0,2009-01-18 04:44:10.000000 UTC,1ENCjpUcLXdF93hPprqPqPVhkt41cQ8nca,5000000000
fe8459c15da69f76acd83eb79c28fad313a08dd28453051f216d41d3fbf7ff55,0,2009-01-18 05:22:39.000000 UTC,1JbemV2BeHcgmTCLdWPJpvryUCLN42j2JT,5000000000
d7969ac76bbf667dec3a3989febffd8ecddeb706b6554dc37aeb88e9611b16c2,0,2009-01-18 05:40:24.000000 UTC,17iHAnFai5KujE5vHqRzuqxij81H6C7KFi,5000000000
beed13ca4198ca4512d62082a2e521288e6fb53f7c5effac5625047a5ca5fc6c,0,2009-01-18 06:00:41.000000 UTC,1KyKGQGUc9N4KrZUzhA8ww7AoeukhneUgN,5000000000
fa2d79be4f9dd000fd596aba2a9a062ccad4f7d0e8a9d98cd9c47f7e46538585,0,2009-01-18 06:11:41.000000 UTC,18giYm9AyeNkH2hUahvfD62ns9zXUxj3rC,5000000000
220bc0f62832470a1b88e668d85e0644ffe92573b01de17dc2d801170136c88f,0,2009-01-18 06:31:41.000000 UTC,15WbVaiWgXca1ef3ZYxMLi8GxYPee6AH9v,5000000000
3cc7f0c7b1a85f9ce1781dd76cd4880275ae739baec539474f14f876b47a648e,0,2009-01-18 06:50:25.000000 UTC,1BxUYPaiHVPB3m6ePsD5Kwzfh6q7THzqdP,5000000000
e4de50e888a0978a1acf770a67ca191ec651ce9b0852918f70bc166ffaa02c0f,0,2009-01-18 06:56:39.000000 UTC,18Pyh2DnqRAuqhJJMEzUY23MeP7y1pdXS5,5000000000
f478a9e1098e8d048be6b859472121d7e3c0d0ba59a7ff584b185c3dcc8fecf4,0,2009-01-18 07:11:59.000000 UTC,1AReAE6S7zHydRwJzPA32p5JkmgK4TMaNY,5000000000
cc13b1faadebcec8921fd617fd8470d8911362d23790bcace2e8d800853fd8ac,0,2009-01-18 07:15:26.000000 UTC,1CFbNioxzQMSyPpobcuLHtu63xMorCJczS,5000000000
6d60f589667778cc6e7c59ea0af29db97dd691386b64947b5abed69aaf151a27,0,2009-01-18 07:23:21.000000 UTC,1L8g5GwyPgyek92DD1ebkFQ7QAcEP1k182,5000000000
7a71f571df4e043071244a7b49ad3e6321a74995a62338e1e27d12a70cb0ad09,0,2009-01-18 07:49:02.000000 UTC,1JHyW9ZPPdx3s8U5mJFd61tD4WpexKPoZh,5000000000
dabcf01b5f3223c3414d0bcf4b0c9230f2d2ec6d10b0724f760ba231415486f9,0,2009-01-18 08:08:46.000000 UTC,1139cMXhXYqtr7HbhPRZSVpRsJpWgZyrr2,5000000000
9df40b6a26118df069659ba9df132c3171dbbd3cfe88718e859644ec75804c35,0,2009-01-18 08:25:05.000000 UTC,1Epacyf9C2HhDqYQ4iRBCrfqLn3W3176SC,5000000000
c2abeca18a8f63ae6099184205ff927ad79e1228a91dd810dd904f53f134c4b8,0,2009-01-18 08:41:16.000000 UTC,1E1dyAGyboVHpJ6txNj1CuDS2axZvMsFVD,5000000000
071221fdd1639bcb9b9d2aa9b6cce05e0511b69de862c13953261d6a6a462cb1,0,2009-01-18 09:00:31.000000 UTC,1JingMEuxD82dNutej9AdUAFQVeAH9nEm8,5000000000
74e079947de6fe3c46f263d35a22a82a75b52d53f2aff8190cd2732429e1a4ab,0,2009-01-18 09:15:18.000000 UTC,1AbGykgxB1JoYT4mpzgfqyDFkVKja5aU8a,5000000000
528142b32cc3ada9240db552b43090b1b7efe63672b92476cc162826449f11d4,0,2009-01-18 09:38:16.000000 UTC,1PTHfZrvmzaAMJDfV6hqs5YpSESjvg6mwJ,5000000000
7c9b05865604479d11b1668f292c6d66c4e636ac4aaa7c1fbe0c42f4b223b6e1,0,2009-01-18 10:02:10.000000 UTC,1EAimSoQVG2DQJDsdyXtE1nFgLn6JDKjLN,5000000000
3af22d6c1bfe8633f09307820affcc79cace1a39d9d3c7c5d1d4ff271bc1b63c,0,2009-01-18 10:11:13.000000 UTC,14VzDyJrL5FBM3vuWd2ngCmwkQAetN2zqy,5000000000
3ef208172ed0e3d4121a1640350277d5a61c6baa577ef26d51bd6b009732269c,0,2009-01-18 10:23:25.000000 UTC,194rvrXWiCoMj4uB8oT6nigJdiXsAFyj99,5000000000
37ec3f532eb4c95e636d2233aa6c23efff7e4b6427d9e41b134ef45cf86b7f3f,0,2009-01-18 10:41:51.000000 UTC,1MACkyJGa8CvXVTdXuaW9i8Snwg7ZjMAJk,5000000000
aab671fe9073655be38428228b6d1561afa195a66d1fce363a7fc55918921370,0,2009-01-18 10:48:49.000000 UTC,1HFNKoyEhhLU5SPkeEbHvPZaQ434YUHr7Y,5000000000
2e24a01d4401af1b7f1c51a685af5794fab8b4e21a79516ba2e4dc8651d382ec,0,2009-01-18 11:13:00.000000 UTC,1EDGDbYZ6stBrKBaTkfRQPX2VrofKP2To1,5000000000
d2e1de6c3648422ff8adfef39cc072912f26c011f5a4aff3c87c3336810dd868,0,2009-01-18 11:29:53.000000 UTC,1M4j38q9tjybiGXmpyusvvHsP5RaFqFhem,5000000000
e41d9c08bef9dc164bd527f3d85f0a2631ff481686b7aacda2eca8f10187aeee,0,2009-01-18 11:51:03.000000 UTC,1EL6T6V1EQwzbL16vGiPz9qiUhVc2U6LfP,5000000000
b6c79a1d20ab448ae370578b9b73ab99c964ebe1be515e9d705620ab3abe9b4d,0,2009-01-18 12:02:25.000000 UTC,1E63tqFbevCQ5NRbBN7MkVEcLB7pnXp7Y2,5000000000
fa1c23eec89ddcc242748d2c7864eaa1ec9314f8a6fa261bac60019b5ff3364c,0,2009-01-18 12:26:25.000000 UTC,1HmE3DjnRmJBxPvXSAZ6UZ5d2rYkxakKh9,5000000000
5fccad788f8a2bb7fe47c2bf83805e166f88b6ba9a6b5a49f238c988760c5f7a,0,2009-01-18 12:27:01.000000 UTC,18gS7xQJDA2zgL7Jqi4aG1MXMtQhJVmb1U,5000000000
4d9dc317a39e2bc9bb1b102090056a046c84c92c5988c897afa0d9be0dea6c79,0,2009-01-18 12:33:45.000000 UTC,18LieZnqZqrCEpNFgMPS6yR3S3WGQ1N1d7,5000000000
e3ab08d4f8ed2b3b67702a4603a612b282248b85eaff680798d1f93b7863eb80,0,2009-01-18 12:47:30.000000 UTC,15fptg9hmM6Pk1TNNJcQJEqosbve8FBqKS,5000000000
ef166d2a815faa7995e8476ea6a4cfd12322aeb75422a715bca33a709e4f9171,0,2009-01-18 13:09:44.000000 UTC,1KPMxxukYJWPfzcyykKgN1etRBhwxLrLki,5000000000
d0c2299abad8c970c945ebb0b7a9c99c184809d16bdb2ee40f08fa10624f28e6,0,2009-01-18 13:24:36.000000 UTC,16jpiyQBrkgQ1P1FPg3ws8Qd3pVHRKSeiN,5000000000
63b2a36d6db20c3beedb183bc8d3e54749e4194d683a62f7f5ede1e408ccb2d8,0,2009-01-18 13:46:46.000000 UTC,14QyWYad5GsTmDvcJZD3d2Pjf5FUT1NyMn,5000000000
3ca77265fc69a1d21dff015b8fc253bee9efeab77e8d3f511edd4cd584dd9562,0,2009-01-18 14:09:10.000000 UTC,12GMVTpBzaEqR5UD8AvhfvqQGbMSvwSjiH,5000000000
75e7b6ae4c82b47ec4ec201ebd00c9966e40f63bee5d8a996de9e9f87308d096,0,2009-01-18 14:23:49.000000 UTC,1MEcWn2yPjsCuu3xSQa68c2oosGZDpzHjT,5000000000
468340002803a8db9740ffd3a9af7a3d9bb278158acb5179a0e7d48dc0713b40,0,2009-01-18 14:24:34.000000 UTC,1JEYqqKTyFCVNrjNcj72v4csBH613puAVX,5000000000
01fa154c187cd706072b9885c44b79339ed3acc1178b6c4bd2cf305305d30668,0,2009-01-18 14:41:51.000000 UTC,16Dwz2poTe1rDeDh1Q4p2AM7VLzqG7LorJ,5000000000
ecefd83baf5b7958440b32917e289d77cc0aa645a8e9e0b3a6fe7d95312c10c9,0,2009-01-18 14:51:10.000000 UTC,1MmbqTi2r6rrsGy2QdNAbYmAFrcoMjkVXd,5000000000
798f879062edcec1a770f3f8109d4849643698a71b6a46a564e21084ea21ae9f,0,2009-01-18 15:02:04.000000 UTC,1Kjr7yzPLVWFg4nCP7ef1dHKi4C14yZ9uH,5000000000
507f58343e780b47345fd9247a45e58f543db79f96a5e0328ff9f4e373cc31bf,0,2009-01-18 15:10:13.000000 UTC,1M8faTEbhwPRdRnZmApMtmYkcwMGPbZgb6,5000000000
3e67f3f4a04b8bd0ac4dd33c2994b7db0a6851f66588e98f0fe8dbd51874b67a,0,2009-01-18 15:23:51.000000 UTC,1E9qEzJ2zEtNZyQEvejK2mTm46AZTKFEiv,5000000000
4343cabbabcf5f693712e40bcc2790f703bdc1c42b729dd1d8806cc70d976ddb,0,2009-01-18 15:42:28.000000 UTC,1H35hhf8qtC2wVeNEWZcEwVnV8SHpY9QAJ,5000000000
62f9935f1317d33df5c864c6587f01d144466bc20c076eb8e4abf9c27387081c,0,2009-01-18 16:04:47.000000 UTC,19jBchpr3Hf3QN79kqXY6Pb1Uep3t6vizr,5000000000
4c332bbef46df9b9a0bb8119d5e5aec7af836e7f3c9e920b0564c12bb3614cbc,0,2009-01-18 16:17:10.000000 UTC,1NkWQn9LdDbXmbpn3a711h52ocg7DW7hNW,5000000000
749845497284ecf84ad16baa69d342d5c828403a53d5df3dba1d6743ad54db13,0,2009-01-18 16:34:50.000000 UTC,1PPgaWVgmFsiNPEpHjrYpCqfGrdjbSWxsC,5000000000
31c50f13eb36730367828d8a917cf2fc79ea27a2bb059bcdd525fb27e42c7ca1,0,2009-01-18 17:00:30.000000 UTC,1M74zVETVNfwptDmr8B4e9ZQ8dzFrBoGkW,5000000000
56895ea1f357bd7d71e000e547218eed488ea4f2ed2e1a97a1baa826e18f33a5,0,2009-01-18 17:10:50.000000 UTC,1Na4jEErZ6ewssMLFa9JCE8SC8B3kcd1vJ,5000000000
4cbab81837d6d51fdcf68f4c447a8ddfdcd31b8cde7bbe480815a3479b6e987b,0,2009-01-18 17:29:58.000000 UTC,169nqBPnVaBVpfNBF412qitFWki9SqvXc6,5000000000
66433e2e8c839048849f59c6d17035c37dfb8a4d8d0a007de09257c63c293ca4,0,2009-01-18 17:53:28.000000 UTC,1KFiC86ok4gRBB2JztbsSRoPjuhJJ9GY89,5000000000
ba2bbea15423a6582126b2ccedfed409d7a5d2a4ae6a4f9feb6fae46bdbdaaf6,0,2009-01-18 17:59:53.000000 UTC,17krd5bCRMHWCe7pVh1AuFX74VaveH1Xcu,5000000000
e8cb53863d3aafee9b013c0e475ec90e624944233f0789897be408e6eea3b650,0,2009-01-18 18:09:00.000000 UTC,13hEUo8avFwqw9UWZD8hFctBsJHrs7wHss,5000000000
16c495d2e252f86a8efa3d862c819ac6ece2c3e340249a031ea493a38e32d20a,0,2009-01-18 18:24:34.000000 UTC,1LSK2gVchVrFCqHiJ93fhq5WF1UZRqVVbo,5000000000
f5c067eac438ad7affc6b156e9c21019e3e75436eedc6f7968ad1f9214841bcc,0,2009-01-18 18:33:56.000000 UTC,12K7KX62gCG6grqiwZhP8P65AKEtMwhJDo,5000000000
87d1ae18214ad64aa00ec9ca746c1b1df251aaa4d790709bfaea668c57df6dc0,0,2009-01-18 18:51:08.000000 UTC,1PMJkhAaREDfNct8QjGqrRMbqrPjTWzizq,5000000000
d7d8ae1d9c2774bd77c823e0d52ff9252b84025f9f4f7e63ebc752b813fb5421,0,2009-01-18 19:16:14.000000 UTC,1FJSv6DUSBmo1s5im1c5j84igbYgQwzvFp,5000000000
37b1cdf50109c5a5cf6a4eae97f370e033e17ac6cea1abb0e38ed130c2d7df34,0,2009-01-18 19:24:46.000000 UTC,1Egh7BHenjF87qnqkuNn2ncjbUfXzLbEv4,5000000000
e8f9d5c4fe8166547dfbabe7f07cd5e0f92109905cb0e8dca2d54545217d3bb8,0,2009-01-18 19:33:09.000000 UTC,1DU17i5o4Wn4HXDUQ1R6uuNqia7kq7dnoF,5000000000
c9ad232dc223d242a0813cab4ab80cc1053bccb9b7c585ef8cb882cb5263b43a,0,2009-01-18 19:45:44.000000 UTC,1CShePHoLvn9BKYR1VDuVVC8oUi22vQCxf,5000000000
7fad6c73cf98d9d5d158a918504ec2ab72131bea0dc8b9c5b6ca397b7673bf5e,0,2009-01-18 20:02:59.000000 UTC,1FxzeKonRrReGe3biYuRp3j99Lv8cxRzx7,5000000000
3e4cc1f71c998d080528ae305dffcc01419851e0d7b5191edfada9528625bff6,0,2009-01-18 20:02:59.000000 UTC,1C16qVq3kZpfjCXAKvrrppqxNmRcnfbFdu,15000000000
977e244c9afcab2fc0718ed12311325e4f9748a5b6b688d210bc2e57ce9b4b1e,0,2009-01-18 20:11:41.000000 UTC,12UDKw5qw7M4XB9JgUD6F1ifA49RBUev38,5000000000
a00f4d652e2b58c6ba0a274c09d47b10a36ce3d8dce449ce850db86d1da82923,0,2009-01-18 20:17:55.000000 UTC,1HHy4MQSp2x6A9xxqZVd6X7613PX5NUMT1,5000000000
aefd630d82657f09db160afa2512eb9f5a585b49d9ccf7189f45fa90fddeeea2,0,2009-01-18 20:38:52.000000 UTC,1BmEyUrV8EL92dHwMfCxiMuxYR2VcwyY8E,5000000000
e9e2c651c878ece3dad9843008d4d3485513bc114978ed83e24e490c2964f86b,0,2009-01-18 20:54:24.000000 UTC,1FRpLBkcY4impRBntxLDKM28n7R1crFdhT,5000000000
7f1bd607937f6a5e633c1455e174d79887b151c435baca445fdc23008d5674f4,0,2009-01-18 21:12:28.000000 UTC,18bCMRkoCBVvr7Mv2YyRopawa7hrmY37Qv,5000000000
a7c9ab3f9104ee3965b4e62ea610276e73341e1da56597937079c1c8f6e40773,0,2009-01-18 21:24:51.000000 UTC,16Q4ozBMbGMJZWVYb6J596hEUZ5GEdKe9N,5000000000
aee3e17ffa75e1392ec54b2c25dfcb4b36b74d1b6f5a99cfa1abc4e86f9bedfe,0,2009-01-18 21:46:55.000000 UTC,1J5CHhZr7YuSCK2TpSHnbfo3vc9ER8tazA,5000000000
a520b17061a1d979a5be949436aab59093dcc11ff289aaa16ed46840f3d246b6,0,2009-01-18 21:56:16.000000 UTC,13MUb9zCC5niHUmYcXb6gyfL9RpCoaoUjn,5000000000
9eddc393edb1d0dad1be954dca2ed49a87a6ff352f5d52f304cadf20739dd9d5,0,2009-01-18 22:04:21.000000 UTC,153QVGuKp7FkVbZCLRDQmFyzZs6z1Lofyk,5000000000
e70c3f5537a631b048198e5aebbb0569d6ea8c43357dd6e193f26e72e33660c7,0,2009-01-18 22:26:20.000000 UTC,16KBHNEruCnfkuVKEEHRo8fHV4RxGtnEB4,5000000000
e930898623b7fa595727e6d94f8630356feb1d57a18b1e57f07494e1fa8cf0a8,0,2009-01-18 22:51:02.000000 UTC,1Ey26CSiK5jJD8XVWNw1zJiyQJRvXw9Ysd,5000000000
358a350af0f310854a2abf3505f1890a9156b76df88bdbd66c8557a69b14c2fb,0,2009-01-18 23:05:10.000000 UTC,1PvMaV21Q5T4zHg5wmeRr7iE9HAKd3MfnC,5000000000
c721675b37e5769f21f689de4681b35e923edb96408b0644b94a89337c204247,0,2009-01-18 23:30:08.000000 UTC,15Hks7R8Xadd1tc2MSttJhH12j23B5rcCi,5000000000
8f7afaef06a3962763491a0fc4827de5357204dd629b1491cbf97a8374453dce,0,2009-01-18 23:37:49.000000 UTC,186tV3WUXJBxvRTH7w8SCDk4qxGcAmRNnK,5000000000
5a1bd6a01373df7d4250adc3dec051bc12c020f04cdecb063526d3a21d0c128e,0,2009-01-19 00:01:15.000000 UTC,1FE1efLG7YZpJVrpvaEf96zWof9LG6trKk,5000000000
a62895a6d6ad34bf6f4766162e5f1d74054f238b5f494ad6df3d298788601604,0,2009-01-19 00:11:09.000000 UTC,1PiUvgZKNzgjf4NHuyyQGGk5EeJSjLt3Bc,5000000000
a603a352cb87c3654c83ebb33af22c50001cb08d026d3038ee9d45311bee9150,0,2009-01-19 00:32:45.000000 UTC,16Z8MAo1Kh5ySWScqJxB3ZbftJnrcHqquy,5000000000
4711b7598217019b9bdbbb23689908e88a76886ba37ab2f1b41a0e7230440486,0,2009-01-19 00:43:41.000000 UTC,17tAKf72nmD6TNdkLsWnj1jhmvFPajMHZw,5000000000
b46de6060da7cfd84e39853864de3dbf3b8ebcf02df6adffbe3949032705e698,0,2009-01-19 01:00:40.000000 UTC,1QJkBd8wiDufzAcsaFHymAbU5gjHAeqyou,5000000000
250de8101ac618582dfa9c3c482c8dc702ec100444f517c9da3b54423e49886d,0,2009-01-19 01:07:10.000000 UTC,1PAVEHuQDUkRMrZ6CocM3gR5ZJtvR6ToNA,5000000000
1b8f8b1bd912d814adce76c18aa45e5c3cf3b8887bfeb66e35ffbc0b64af39fc,0,2009-01-19 01:25:52.000000 UTC,1KGpr9uoKPKNCmvFWstQYitBmgbX1uXshC,5000000000
f0dacdd8b7bc23213a3b9d56bcb8c7a68d849468e9c3c5ceda0bbf34278e9549,0,2009-01-19 01:36:50.000000 UTC,15gAazz2GL4FgPBdFvTuq2u4dHogc1R6eR,5000000000
261a9eab38de62e4b5dc507514bb7af0bfcae8661207de816cf1fefffffe5778,0,2009-01-19 01:45:29.000000 UTC,1DnzR2hfKfTa96WEhYQnmQrDkQvycxkyVn,5000000000
e53932e86fae409f517ef31dd3ce7c029b1865c8a51571ffd0a1e0eac72a4538,0,2009-01-19 01:56:48.000000 UTC,1JBWiEsDqXSaK2pb6n4VJUbkNpRsh4yqpL,5000000000
a3fa9a291400544650f612fae54945d47427f1277f087d1a616a342e88c141bb,0,2009-01-19 02:10:30.000000 UTC,15VaaLskYYjnKYBjxpjSABX2quyvUEBvnf,5000000000
cec8a72a1b968ba1f3f92c9cf5dcb4a2cb78340ee9b1dcb13fbd7a9e3a21b5a8,0,2009-01-19 02:35:53.000000 UTC,12aEVs382mMTcVDrRGj9FhkXFeHaeyL5Jr,5000000000
fa6068d270e66d5da29c5feefee60d89c71498e39e65b29b18aaae9e66d64447,0,2009-01-19 02:48:45.000000 UTC,17jPcds8h7jv2vgnVntft46rQkamAngNPY,5000000000
0c0b7bb4d3d7ad501a4c29547ed6199e451455e6fe7bc934ee1f852ae677edef,0,2009-01-19 03:14:27.000000 UTC,17G319fJwSi9LhwCgkZo6ad8rUfBLM39Gs,5000000000
ecaf911acdb8f76e56eea318c3cb91c1d0b08c85048ae0596e70bd9de4f349ef,0,2009-01-19 03:28:53.000000 UTC,1F8Jvj2ikp8yrhfbubkjySJb5YEzeNU6R5,5000000000
49f9a1d850f86726acdd68273fd2e33f85c2210c15f36b1eb9d818a07139edee,0,2009-01-19 03:49:51.000000 UTC,1CfdUSMhug582a4jWfxYzGg6DAHZWD5R2v,5000000000
405d3ee9b1dd0b9dc751e839ee2559c379649314fdde8fea40224d4eca763502,0,2009-01-19 04:11:17.000000 UTC,1GJ8nuLwfMiDh7cfbHDjCAc7fEkurEeu6G,5000000000
c8bdccbfa9fef00797bb73fe9c7c6a295ce5730740cf3d5b9b3df421b5989422,0,2009-01-19 04:26:12.000000 UTC,136W8Adk7XTrjPoDVPCsGhdtzik4Kq1dZi,5000000000
c407af23173ffc395d5759dccaa77ab7907501d7f42b202c9376544db5796e8e,0,2009-01-19 04:46:52.000000 UTC,1HEAbvGxX3yULUtoMtb222msWSVbQxZrR8,5000000000
af6397d00e2ebf9cb99ddf15f68eee4e58acba358f6a3900ff2d313fa5926edf,0,2009-01-19 04:50:45.000000 UTC,1J6ZuXdHGVCTGUBrB2xSqwL6Y8ew464Yfy,5000000000
e65c5d4849339ef038b30b542347a9940e88645cfeec2893fe7616cebdb7f99d,0,2009-01-19 05:11:23.000000 UTC,1PcTVf4rWu6WAiDybtUERfUhKrNiY5QbVu,5000000000
722ab4df9e1fae9baf3f5afd280459dd40a1ae5042b692e7d4dca515e8e74636,0,2009-01-19 05:23:39.000000 UTC,1GquniFprXVGm5zN13VMa9reyGsnpjQh52,5000000000
26fc51aa7e255e378551e051efd8fa1f64f1a62097a7c036d7ba11a7b8180d01,0,2009-01-19 05:36:23.000000 UTC,1MJFnSgg18bF5Z83w6LyEH8txVSbDMEtkb,5000000000
cd07a869118591c6bd02be56a8e0199615792c44b249875bab0020dd764443e1,0,2009-01-19 05:50:27.000000 UTC,19umGdotR99xPZUqJZ6FH5QAxpuBWL2qnP,5000000000
0b15b03de70b8a12268123c3c8443f32e95378b0b2bd05942800fea1c0748ce9,0,2009-01-19 06:00:31.000000 UTC,1CzyqFwisqXrqXdWtoMhEjLsZd7vib7ZBj,5000000000
a8f1815e5deae697e2fa082289f26f3789a5eca1419f263fc289986ec744f592,0,2009-01-19 06:10:00.000000 UTC,1KiK3n1ZaxoqyowdFAuZGh6z7M2B7VcY2X,5000000000
fe28050b93faea61fa88c4c630f0e1f0a1c24d0082dd0e10d369e13212128f33,0,2009-01-19 06:34:42.000000 UTC,1BW18n7MfpU35q4MTBSk8pse3XzQF8XvzT,5000000000
a6f66e5bc206d09745c05bc590113409ff7cbd9199b995cc0a6274a4690ede80,0,2009-01-19 06:49:46.000000 UTC,1FJNKtXWjbNA1TBzCyTEnoMEbC8XsFPmFF,5000000000
9d5c8fde7aa7647a8972c59d7ad8c4527ab989b5f37b599113172b38499492d2,0,2009-01-19 07:08:26.000000 UTC,1Mv5U7ET42fFbz8oe6xrqwrVfM9RcVLJf3,5000000000
06db333c1ac5b2d4c4fe9885dd0d095eb1af588e3c3fbe86d5902f024db20dc4,0,2009-01-19 07:29:12.000000 UTC,1MecptbfSKpm72cRf69kyP4wQCyKVCpykJ,5000000000
425daa578f5151e97be98212a94c6e5ceaff9f45e651ffb3ef663a73280ab17f,0,2009-01-19 07:52:03.000000 UTC,1MhFLninMJuo7ftiGAe8NeXuTmHQwNysQh,5000000000
7e93b3642e1601716659e6a2e34f1ca76f9a2042440316dfa35a2f890e1567e2,0,2009-01-19 08:11:43.000000 UTC,1Hw1KmEsvZziTfqkqm2vKH2qJuWXJQRvbK,5000000000
b39f415d194c0da23c21d9a42ca972911c20383f73a1ba312bb7789a44849903,0,2009-01-19 08:27:46.000000 UTC,18StgZ1ubAf7xEzkXeRVHPDWbvATt9inMU,5000000000
f0f707c95cfbeb287ba5e0a332bc4e453a5a15bf3a7640bc6b53dbd072e10342,0,2009-01-19 08:40:20.000000 UTC,1MNfknkcxAatMvpsW35iSCSc6UyCiLBTqr,5000000000
dcfea932a766b5259380e2a23774bacb9640e10c47baa5fd6edf2e0f258945ef,0,2009-01-19 08:52:17.000000 UTC,12XGWXzYmqbw7R81aXzzrxd8kU2Rixy6hp,5000000000
bade9ea4284c738d4cc9909bbb560ecc50b31a68eb9e02711464595c3899426c,0,2009-01-19 09:09:28.000000 UTC,17RcXaoDLLKZzWJWduxUJm3oYiTXEPXAGx,5000000000
e237df08d887b02674b5da97021144ccef2f9574258a2c2a49fed63935fa2ed6,0,2009-01-19 09:31:02.000000 UTC,141kiNpwKrLTwhpMaF1KgXutAFwr4eskkg,5000000000
efa8ed947aea5f464c1e3739f2334236ffdb8437100a2290b96b688912fa3d1d,0,2009-01-19 09:46:28.000000 UTC,1PrwbyxUWM8H8E67Y2WH2QZsXpi3961ktB,5000000000
65a4e0789cd4e3b94cf9c354ed30c940a807beb084231db2493cda6b122c35ac,0,2009-01-19 10:04:49.000000 UTC,1EwedpcEzotL2fq5STpenswWHh3qvbv1qU,5000000000
728c236388a3e3415f80174fa21bf939e47c948ceb60f9736233999fa5fed4ca,0,2009-01-19 10:27:32.000000 UTC,1ADdoQFxCa2PvXmA4ur39x3QhorvfBabeM,5000000000
2eb329555c5a87f39d49ab6f1e962aa311f204165dc850abe002fe022ca37d71,0,2009-01-19 10:36:22.000000 UTC,1LB9xLVnJ8P1BozxBmmqBgQSqiXuY2SP4k,5000000000
2d209c0f0132ab50ad16e395096263a7255a3c26d3e606fb60ea0650cf7cc06a,0,2009-01-19 11:08:50.000000 UTC,1ML9CwMG2yVpgyCe1E5xHroZfxnS3P1rwN,5000000000
7dc82afda0bf83cf504c3b2874a3c2c34d686129026757049096467a8f521ebb,0,2009-01-19 11:29:31.000000 UTC,1M5KuNaQkAiDoQwyi4Y6hezLpzMjzVmQtK,5000000000
14ff7379051c8efbf02af9edbd99b22c926c928d7556a6a7a24a582e6cf04910,0,2009-01-19 11:48:29.000000 UTC,1U76x2xAfxBzzb9hU9MZcxRPQ7ANBeHVJ,5000000000
0a3ef3dc1277e0c8bc453c296ece188a9149fb2825f84eda5906dfa6c994af2e,0,2009-01-19 11:54:20.000000 UTC,1K9MfS2eyxKNbnRkPmNC429sDLdMEYtocR,5000000000
7aa53369631031371a8fa7d39607675cfa6bb30b48314e80e1924719019fdf49,0,2009-01-19 11:54:56.000000 UTC,13aJ1YEXBW8T3LmFxFhvJCGo7Nbp3mifgt,5000000000
e4fec85d2803c115a10ed8276514ba76e769c1ca85a8c577b655fcdecc323ef1,0,2009-01-19 12:16:18.000000 UTC,14UjUdVChndAh8r2yvNbXXhptb2qmrbmG2,5000000000
c8615d76cba3600bba8680533e2f7f3eeb5ee0e94afbe2d6ee0755ea8272043a,0,2009-01-19 12:32:48.000000 UTC,1K1AwHAMfMNY2DoiuD68RzQNgwwYG4C2py,5000000000
65448a8d5d5da1d68e6f71dc90119f77d212963e4022890f18f820ba8f16a1dc,0,2009-01-19 12:43:40.000000 UTC,17e3PPBbzp6gNZu1D4AWBe48cSRNsYbowh,5000000000
913f0110ff044e6c7c94faef03621a34ef040983268d432160aa441028184fdb,0,2009-01-19 12:46:57.000000 UTC,19spG1gFVq2tosaukzYfYW7zyKbdfU7wFG,5000000000
1e4d2cf7e8574a0e7b87ee7ea5e192e5341f0a6f8d0294603a6fb5077cd36824,0,2009-01-19 13:01:53.000000 UTC,1Cj5z4XF43BbfagTMMyg81BqSGitDeDsQD,5000000000
e84f00e32ffeab3cc2c782e9fa6c54b596c6c2617c805adf79f72d4e26000a26,0,2009-01-19 13:25:08.000000 UTC,19atrtdSfK2y3zQ6RnDNegnyN5j1RtHSQJ,5000000000
ef29d04bc0fe79f0329e24291e74af970a0dbdc482647576b5bb2270b910ac4c,0,2009-01-19 13:48:48.000000 UTC,18sVTFzVmmizh8TjbnhmUAiFmSgAmzfn4C,5000000000
db8bd3fc1f6acf81628ad26b8aaf69ff54d48f496cde0205c4b351c88a5d9727,0,2009-01-19 14:00:19.000000 UTC,1HDbsTWASd7NGFcaw11WdQceWsaM7G7hQc,5000000000
28e5a49b425e0d7bba34235d74293c7fe08b8e2d5e3bd8702caf8354ddaa6deb,0,2009-01-19 14:20:25.000000 UTC,13zpN32f5SD4jQg2iKm1ftC2pmwXUvXupb,5000000000
85cd55d1efa12f0961027667b809b4e8c8d587bc386243bb379a8a047f30ae20,0,2009-01-19 14:41:07.000000 UTC,1Mx6yrhhWkfWB13o2w6VoFG5zJXByxSXMY,5000000000
1a49cf8e13cda81f0d6b839de7e89accc2c27395dc4df92046bc9e2a97f6026c,0,2009-01-19 14:52:13.000000 UTC,1BjY2CVHoaAdCyLnkSnAkSJdLoav4xqWQa,5000000000
4f9200f37b56a4638d0f52409c3907094eda2ee0c6389fa3cd31a012a3ada406,0,2009-01-19 15:05:04.000000 UTC,1Q9wHJtGPRjG7nTBG49rhDsD446qToePr8,5000000000
203b563b4255e923352560afcf66d4ecdadb27573aa1a526b4c6539b220eec1e,0,2009-01-19 15:17:24.000000 UTC,1C8qWd9JsbmPnQp7nQgyxNLcaSTs7nCqND,5000000000
79434f49f5925468c8c1ae3394e829f3ab484b7f1b47670beb5b9b11103e9c12,0,2009-01-19 15:31:21.000000 UTC,1Mdvwhq98wH1GxJMaVnZGP88igaQ7PciFy,5000000000
c07bce47b890a9f4352e1a938fc904a87480c849e981a2a2c097690f95da3ef8,0,2009-01-19 15:50:21.000000 UTC,17vHXR4TVEdnPH1XcJ9dFQoDJash1tYAm8,5000000000
ee8095a0bb7eaec4e5915d39a398d7b3bfeb154dcd976ffd677c9889c47b3b4c,0,2009-01-19 16:06:25.000000 UTC,1EeHD14CCtjqeNwViYXAbCzhQbUYdFWfAH,5000000000
e402949a8a7eb80dc00f9ed40d36b110e931b9ecc1bc94f8a6a26b46f5c3bf42,0,2009-01-19 16:28:47.000000 UTC,1NEEtaPrUL4UJ18t6j6qVJbFcY8btcUQdB,5000000000
19c493dd123c7fa16e1535f3bc55c5f9e35ad491945ffb5682504fe9f3ef253d,0,2009-01-19 16:50:34.000000 UTC,15gxkvZ9ckyYdX3RGipfvay7jnsWvboSY6,5000000000
41fb522504fa38d5dc17d7194da120d7504ecfaba8ef475422dcfeb6e7abceea,0,2009-01-19 16:58:37.000000 UTC,13K5wAL9n2GXVtDPrKKPHG8KUxTDZ22bnp,5000000000
23a9b84f76569569185cf93d74d6ba28dbe8f7629bb9e2659847b5edf96d04d8,0,2009-01-19 17:10:04.000000 UTC,1CDLe9BKFUszWjBWvGu3zjtYGx4JKhNvt2,5000000000
e22a5e7b20e2a0a7cb5150928b7d8a1e2fca00c2b8374053cc4d379d7d57f9ee,0,2009-01-19 17:19:16.000000 UTC,1G3BhXmhfr6i85EMV21Ez9ruoTdF9GYK4F,5000000000
5dc93f19e54e5f8a1ff0e54a0bd1ea37dfca749aa0a77020ff9f89fbc9c4d154,0,2009-01-19 17:32:19.000000 UTC,18p8FKEuhyYPjB2orPv3mzhtXPqeYuE9Ub,5000000000
315ce3f2245f80bd7244a6c941c0a693f107d4fe52e832d5c2beb1f5737e5b1c,0,2009-01-19 17:53:06.000000 UTC,16wUKucrDqKbkVyyC79ncfuXmwK1VLEE3m,5000000000
49f199f8a361e791650c3dfec11592d87a0ab72379e36d8956b9165b1d5b9249,0,2009-01-19 18:07:12.000000 UTC,1DzdW1DG9wKc4V3pcrLwZeuFcHVvKnrU8A,5000000000
7ae46b0ef7b39ae901196b404dd8fb99b84b8db7b6cb1fd1b9ecc3ef64bbb51e,0,2009-01-19 18:13:09.000000 UTC,17WAHRffS7z8iKXJLZMSt1dy8NojRzoaR5,5000000000
20a5b8090bb3679d2aa52325169de528d6f1c9dd8de4060e7bf0bd3ae2b3483c,0,2009-01-19 18:29:09.000000 UTC,1N1H1B6KXkC6QEDdjiGFvDSPbGaJGpwNJh,5000000000
e3595cf6e676c7e7c73e7a372dda304bbd857f127b4866e3f2e24612133236d5,0,2009-01-19 18:38:14.000000 UTC,198GT7V696c4e74Jnz7VozGggYHuFDxN2G,5000000000
e033df47866f18cad933cf44415df3d1a7bcbeaeb16ad467b50fee3e0054f71f,0,2009-01-19 19:00:42.000000 UTC,1NiJmfdVuW9EyKYruvWRMrBESHSLMnrXM8,5000000000
d1822b88fc1030fbcc28a8b67c5114e087e33d469d1ad2dbcb004a7e5b972567,0,2009-01-19 19:12:52.000000 UTC,1LihfFAtdooJQDP93jpyyVBCajRrRCnJpu,5000000000
3777569e2072d38d1480e6291275debc68dbfcdd9e2f552995c2d93cb46512e9,0,2009-01-19 19:36:59.000000 UTC,14oWXnq9cHYEZc3dzQu2bkEHYf6EMtN7uM,5000000000
294f7ef7252e37e9ebd4e4e9fe88e307af157f11cad937d7aa1be4aed2504dae,0,2009-01-19 19:43:41.000000 UTC,1B11PCsQYfz2TyLvdKUN9vC5bdzYmdnAzB,5000000000
91e779fd411268b47be65761dfcd0b9bf2ef2bf3f096f505846f17af4fc6fdbb,0,2009-01-19 20:06:49.000000 UTC,1KfcwHmSHE3oS8LAHdunZohFaYu7nn3umj,5000000000
5991f787f8c08f3d82c055dfc4000b2fd76e53a60954b08a84baf13664b8358e,0,2009-01-19 20:08:35.000000 UTC,15sRy3B95gTmghivEqoV5kcQjDcAXcuCsn,5000000000
4c4d6c195010e2ccfbd3a10b65bb77a9f4e5e781b51257e2612dc7a869594d81,0,2009-01-19 20:22:32.000000 UTC,1JTtAePNTrWJvqmgngM6Dd2Rob3ULTrLQq,5000000000
ea768331a499b9226c3ec3e14b9bbcfae7ffead2647a4e3c9c0c21b0dae8df07,0,2009-01-19 20:27:20.000000 UTC,15sKhUaZUZLG8p5VbK6ervcX5TDi3W6PNe,5000000000
4c26190116fb030844992b0e1d9ec893b4ec1cb86f06fde2ba22733353195e2a,0,2009-01-19 20:42:10.000000 UTC,1572P6uMNHBfffsJboVCwXJP1AqLvn3jWw,5000000000
7502aad84a16cf8c468489cf56ff23b71f6b81dd30f8a25ec537ee1e81fc344b,0,2009-01-19 20:49:10.000000 UTC,1A56VhC2mtDLWtbZxHLt9DMcYt8PWhBFhn,5000000000
1be48b9c3f64c621933cfd770af351b5d995c18cf1a88db1336adf772300f8ac,0,2009-01-19 20:56:13.000000 UTC,15t23SezMVMzy4E8W7bEv6aYnuWgTozUec,5000000000
71518f60620cfadd2915e2132cf44fe1f25a11b927c20d60649ebe0e9458d11f,0,2009-01-19 21:06:22.000000 UTC,1MBWVtrmvKhzVZtfz1tnEDsqaVdVJqvCNa,5000000000
421b8d8a0e50d4e9ac040d6b116c46f744a777c30904528df0fe7501ffe3f64f,0,2009-01-19 21:19:54.000000 UTC,1D1HjYwm9omR8f1u5bgFZozTGScNJYBXwV,5000000000
3d541d142438e2d9a6261f5d688d5ce3701a851cbbfa315b29358a361e439ad4,0,2009-01-19 21:40:20.000000 UTC,1Mr2DwnE7oKd53QXRsn54nZnQpPjQon1ze,5000000000
7baa3d31e80ebfa2aaa75ad67604034b6321b86fe7ee8f048d4c2e20f00789a5,0,2009-01-19 21:57:14.000000 UTC,1KocXuW7yz3W3yrAm3YFng4MRo3ZT9cwHx,5000000000
d3a70ae3c703158c4081f985cf50c7114c622d86ce80c92b814a984cb0a8b2bd,0,2009-01-19 22:09:32.000000 UTC,12ZR636o63zfSHtmScQLWBqpvHzQoiKW4F,5000000000
e97cc0d9d0764bbb98fe1203fa6a1d01e0498cc8082cf3ece09640c61d90070c,0,2009-01-19 22:19:30.000000 UTC,1Ajwomq9iJjdnKnvPsAsX4KTxQTztPHLJk,5000000000
ebc6ab4245fea8bf211fc12b6b71037230dc7fd2a9d0d6b98fbc2c38dc9902e8,0,2009-01-19 22:38:45.000000 UTC,1DM5LdC281mctGhkRRH3CiS12Rhpo8z5d5,5000000000
f3c7a75f7cfc8e192a0d7ba8cdc1bf501cbd65ccd5f37d950bb032bee41a3356,0,2009-01-19 23:00:07.000000 UTC,15EN4ybBNB99o5xkANqz2nbBuvMN1dr4oy,5000000000
b71e742a5fcb2c53e6cf660ac2d3795c415a66ee4985767faba9352e5f33602c,0,2009-01-19 23:12:08.000000 UTC,1FtAGob4Z7zTWYARFmxmJFihKLxUmDdAmY,5000000000
29d477266b44d92b26d3f2c6cffd8d825847ff561c0e4f25a6155459b3ee5aa6,0,2009-01-19 23:27:42.000000 UTC,1MUytRoTQrtUvhwshkRgEe3pW1J7bCyNdY,5000000000
24258eeede9494ee788eb776d6b63f7142f046785ad33726a54fbd8978d47495,0,2009-01-19 23:42:50.000000 UTC,1MFHzUCHycVy6ffbWnzu7SwD9acdSU6DUL,5000000000
3bbd4a05f81fffb3e7cf8472a165b3769e34c436a48c6dcd26536b8a11dc4bc5,0,2009-01-20 00:01:08.000000 UTC,1Nb1juAe27BWYQXaKrmmDwn1HExPrDjBNp,5000000000
d50f65db5bcb69874642e25c0822e8e25bd0d12d08ed49bb124e37b40a8a8047,0,2009-01-20 00:10:17.000000 UTC,17DBsbVwB4c9uFgdxBMXhuJXsG5zfrJ23t,5000000000
aee1252b01c496ea94bb1bca2b3909b49cba32af0794665a60513bb1d576a81d,0,2009-01-20 00:19:44.000000 UTC,1KbvBPTSe4RX3GYipB89t3LgmkumhKTuMX,5000000000
3a95fb7f8fe2119afe4ac12321386c5223e6a43c6f5535ab6dd6480af4a6ff22,0,2009-01-20 00:29:52.000000 UTC,19o3NMFbiuz17sMo4KU8H62RSi8N1ttDJd,5000000000
32be56d26589084d26c6688efb12b325e455f15cf90b7a43295378d28eeaef9a,0,2009-01-20 00:34:22.000000 UTC,1JZvFJJ6WDpfRLaNLardf6tzp5RWffMHf7,5000000000
adfabec2833f472c7a432232b940645197d47f8b72d368c63413212eec9307ee,0,2009-01-20 00:54:51.000000 UTC,1wwya72pvScYtRHiaMbSh4s4M6kVZKMwv,5000000000
417740339e83d596b71df371d2c62f34307bb032d3fa3921e8f0637e2b545908,0,2009-01-20 01:08:50.000000 UTC,18tFcweZGcv8GPBbpcqjM8xudSBjizbttp,5000000000
9c5a776f7e64eab1a61ccf1b6b5b0f0108dd27f4644d9aeae134a7ccf77c1a95,0,2009-01-20 01:29:53.000000 UTC,1812gop4GjvkQiqUZnBMr8nRtNjhDBC92d,5000000000
88d48abd553db0824259e3acb40ca464812f946ed6af09bb3ad0016c714fc8ca,0,2009-01-20 01:45:03.000000 UTC,1P3nFZU1WmCM9sBakiptj7qKHr94M2cC7w,5000000000
42bfe522a1e106e90d183ace7abc63694d83301802c6cd8ab3215aaef468f293,0,2009-01-20 01:58:16.000000 UTC,1PJCMGHQVnqz9b1eHZ84EEnoYrjQC4cBai,5000000000
c8040a7c2fc09ee854337f3ea746d25527be6147aed280685ef46b34c84a79c1,0,2009-01-20 02:12:58.000000 UTC,12jtBrd15N3xof2bNSCLJneMP4uricbcaf,5000000000
81f794120c6ec9821b338d0cf1b4ef165ece7189de8d8a66868aaf46e6c58268,0,2009-01-20 02:31:38.000000 UTC,13JB94Ue3Sq4BMLHtyiZXYZC5XmaT82gZN,5000000000
1b84d7ff19a9c321ab894b8b5c5f1f5eab5afe983bdae58c0c80788f0d5b19fc,0,2009-01-20 02:37:39.000000 UTC,15Eb7ZDYa16dAGyxon8CxVpyGYj2V7bXPw,5000000000
87bf4c92b6256beb334c8a36fff871996d40225c7a34516f0b4dd802ffc6dd15,0,2009-01-20 03:02:03.000000 UTC,13nSXAyvcyuRUzyrtd47aV7Ac8WpsCuStL,5000000000
bec000b4dd6299350a868efc7349d51698be2f40f806926d469441aead0c5d1c,0,2009-01-20 03:22:04.000000 UTC,17TNbnjZAEpx8g8wA585MBH77X2ke3571o,5000000000
044dc91b523fcecff7da52e436e23ac516246c77b8fa61809f98f5c973187bcd,0,2009-01-20 03:46:37.000000 UTC,1BYcQLufoYXkBLUR2esUXfm6TZQfAPKcUu,5000000000
bd7299376a6a3c9d59512bacdb2d2eb9c47243d46eb919566a9f33f37a75ea09,0,2009-01-20 04:06:29.000000 UTC,17DKpRhXaEVAPMPzSWWNj1YfYm2ofXBZwG,5000000000
747739c10db3a93bd51d0a54788477e317a00c679f78714a6fde73f6a52940f2,0,2009-01-20 04:19:29.000000 UTC,1QGmrvZTj3gFgTmVGVJypsVzXQAsnsTvfW,5000000000
1235dfad49b7a7f50492e7ef1ba8d4cf1652ee8e3c2ff88fc827acde3e251533,0,2009-01-20 04:31:31.000000 UTC,1QLMdAix42fviBigJ54S17AEVFNuNK97Ho,5000000000
46c55522a162e8a1303f4668a44b7882f213b2dbe11c95836b79ec1865f819ba,0,2009-01-20 04:39:55.000000 UTC,14mzNmPrM5nSFLMTZXUKxHuBkeRBk24QRi,5000000000
c32bf61d1f90b6fd11718483b6ead5d079be8db6796ccb3c8d74e764d0b74616,0,2009-01-20 04:50:22.000000 UTC,1Hx3W3QpfoXZUGLRPQALcS5NiZSsnMC9an,5000000000
47c955df26dad69254181e56f8a1f1be0b8d12738908f3c2012baccb42a460ae,0,2009-01-20 04:56:00.000000 UTC,1KN6uTGo1EJC685dpU2WHr5FCiU16ZfgDC,5000000000
3e71ea705440e5d5f28005c09fc8679f7401389356b6471890acc50aa7885fe6,0,2009-01-20 05:03:22.000000 UTC,16t8bA4g4zCGJc3Zd6S2vtdNwRiaBpdPNj,5000000000
6bf08eda9310d6e5fbee1aace3179bc9d3d4af261037bddf3e001d0457c3aa9f,0,2009-01-20 05:21:18.000000 UTC,1FjG3r5fRYxuMTgFHEtDUz4z3c11xjQ83X,5000000000
49a29f4d764270f978033f7d236e50cfd21c410dc8cf99e12f898dca6e1f1a2a,0,2009-01-20 05:34:59.000000 UTC,1BSVqq1TaNwEZ26iG6mGAJZyKXzkQoyLzU,5000000000
738854126f4b81fb02557d30d4639d2f015ddcad923a916e82273ca302a30522,0,2009-01-20 05:58:42.000000 UTC,14isuNox8qbJMDQ56RSrpVNktDs2sPnLzq,5000000000